1479425771061469184,0.00872664656489
1479425779212722179,-0.0411897696554
1479425821120151560,-0.285186803341
1479425756208521226,-0.00523598771542
1479425796465811471,0.457625329494
1479425733554593819,0.00523598771542
1479425746306777119,-0.319395244122
1479425780012974114,-0.0328121904284
1479425800916582435,0.523598790169
1479425754458284068,0.00174532923847
1479425773161775145,-0.189891824126
1479425802966949940,0.349763977528
1479425749257297976,-0.124616512656
1479425807517753402,0.467399168014
1479425815319085116,0.012915436551
1479425792465133642,0.444011765718
1479425743206229346,-0.311715805531
1479425784713740367,-0.201410993934
1479425757908942931,-0.0226892810315
1479425804617302100,0.450294947624
1479425732904591445,0.00523598771542
1479425802216800343,0.454483735561
1479425761809473624,-0.0275762021542
1479425765910552667,-0.0415388360619
1479425824070688862,-0.243647965789
1479425760559284324,-0.0191986225545
1479425797765980262,0.460068786144
1479425809868357735,0.425860345364
1479425807117623405,0.466002911329
1479425744706551922,-0.329169094562
1479425763460564298,-0.0226892810315
1479425788464283787,0.0254818074405
1479425821870252172,-0.261799395084
1479425825520926864,-0.271922290325
1479425802616897695,0.390953749418
1479425772261598576,-0.0760963559151
1479425794065367202,0.493579113483
1479425741055967259,-0.239808243513
1479425824020661617,-0.243647965789
1479425758208860332,-0.0544542729855
1479425826371305648,-0.283092409372
1479425804717392051,0.420624351501
1479425764960264379,-0.0349065847695
1479425763509977288,-0.0223402149975
1479425730204000457,-0.0157079640776
1479425743656386763,-0.291819047928
1479425801316729036,0.528834760189
1479425735604953300,-0.0157079640776
1479425758759059670,-0.0485201530159
1479425772111515684,-0.0733038261533
1479425732254351578,0.0495673507452
1479425730104033503,-0.0153588980436
1479425731054723299,0.00349065847695
1479425808417902390,0.416435557604
1479425812818739566,0.225147470832
1479425743406252279,-0.303687292337
1479425805567418616,0.406661719084
1479425815419175162,-0.00907571222633
1479425793115382011,0.370707935095
1479425824470737305,-0.241902634501
1479425747507069185,-0.28274333477
1479425813918933252,0.0537561409175
1479425757008666896,-0.00349065847695
1479425798566117650,0.445495299995
1479425803967127831,0.470540767908
1479425822120263970,-0.262846583128
1479425798366083169,0.419577157497
1479425738505486632,-0.0331612564623
1479425812068550817,0.413643032312
1479425740555895085,-0.134041288495
1479425795465683248,0.431096315384
1479425808817971506,0.417133688927
1479425762409799990,-0.019198622182
1479425828421239096,-0.267035371065
1479425751907819833,0.00942477788776
1479425739305607482,-0.0702495025471
1479425781613297979,-0.0181514244526
1479425809568186688,0.422369688749
1479425791115510086,0.259704989195
1479425801966772551,0.466701036692
1479425761359380809,-0.0429350987077
1479425772811690314,-0.140324471891
1479425822870389068,-0.361632227898
1479425822220346765,-0.266686308384
1479425749057323344,-0.116587993503
1479425801266741589,0.527089416981
1479425787814224221,0.05794493258
1479425792365142370,0.432841652632
1479425771911536997,-0.0610865257681
1479425824970773905,-0.294611573219
1479425767060627818,-0.0457276262343
1479425799016194412,0.406312644481
1479425812468687214,0.307876086235
1479425814719054202,0.0589921288192
1479425784163631485,-0.158126834035
1479425826320998782,-0.283092409372
1479425731904291203,0.0603883937001
1479425778112684421,-0.0244346093386
1479425734554796437,0.00174532923847
1479425766510600601,-0.0516617462039
1479425780663009692,0.0160570293665
1479425795065495972,0.365122884512
1479425821420298664,-0.280648946762
1479425808567878063,0.414690232277
1479425753808134589,-0.00349065847695
1479425794415583686,0.467050105333
1479425782713434571,0.00174532923847
1479425771711553996,-0.0628318563104
1479425801716736469,0.470540767908
1479425828171198482,-0.291819047928
1479425750657597917,0.0143116997555
1479425733654610398,0.00523598771542
1479425810468364772,0.425860345364
1479425790514758120,0.253770881891
1479425811418475261,0.46146504879
1479425795215524337,0.421671551466
1479425779562907049,-0.0418879017234
1479425823070429268,-0.315206468105
1479425750007431675,-0.0191986225545
1479425788164530685,0.0621337227523
1479425738905559553,-0.0349065855145
1479425803267006997,0.372104197741
1479425740255715863,-0.114842663706
1479425763609887259,-0.0209439508617
1479425755658486309,0.00593411941081
1479425751507763751,0.0781907528639
1479425792765174321,0.423067814111
1479425742256054836,-0.312413930893
1479425819319820853,-0.180467051268
1479425772161679930,-0.0733038261533
1479425730603991612,0.00418879017234
1479425812118530826,0.409803301096
1479425775011971646,-0.139277273417
1479425817069500599,-0.00663225129246
1479425818969891410,-0.12077678591
1479425811168313939,0.437728571892
1479425769911312981,0.00174532923847
1479425769411224151,0.00174532923847
1479425767510778458,0.0230383463204
1479425773912080990,-0.183259576559
1479425741855982176,-0.313810193539
1479425815669183931,-0.0181514242664
1479425786464117350,-0.117286127806
1479425817619653223,-0.0216420829296
1479425745756676712,-0.262497520447
1479425799466394217,0.415737432242
1479425818819854956,-0.10611602068
1479425748507165294,-0.26354470849
1479425778912830064,0.0167551608756
1479425769761161848,0.00174532923847
1479425742356128378,-0.313810205459
1479425825120789115,-0.24155356586
1479425805267411587,0.420624345541
1479425760309240452,-0.0191986225545
1479425784963842694,-0.231779724359
1479425782263311127,0.00418879017234
1479425776762405521,-0.104719758034
1479425801016607385,0.523947858811
1479425822670455452,-0.319744318724
1479425752957993629,-0.013962634094
1479425819869932348,-0.231081590056
1479425752307917473,-0.0115191729739
1479425739755676331,-0.134041288495
1479425760409322156,-0.0191986225545
1479425825871107294,-0.337546676397
1479425745706648246,-0.262497520447
1479425820470067899,-0.268431639671
1479425790364672700,0.191637152434
1479425733904671425,0.00174532923847
1479425819069727441,-0.146607658267
1479425737855369939,-0.00733038280159
1479425826121024213,-0.300545698404
1479425741555942106,-0.257610595226
1479425741705962959,-0.296007841825
1479425747907125980,-0.283790540695
1479425815569138398,-0.0363028485328
1479425750707675876,0.034906585142
1479425766360629993,-0.0506145469844
1479425812718674666,0.21502456665
1479425814568936173,0.0715584993362
1479425738105382841,-0.012566370517
1479425761959584503,-0.0272271364927
1479425797816083194,0.462861311436
1479425800866636543,0.523249721527
1479425798766306051,0.434936046601
1479425776412525319,-0.116238926351
1479425812768624437,0.21502456665
1479425774411981583,-0.156381505728
1479425818069623569,-0.0520108118653
1479425800216519442,0.52150439024
1479425779312911127,-0.0422369673848
1479425762459706136,-0.019198622182
1479425734304776992,0.0
1479425811618497320,0.471937030554
1479425759509161436,-0.0628318563104
1479425785813869355,-0.246789556742
1479425781663253293,-0.0181514244526
1479425747306952307,-0.276809221506
1479425756258575158,-0.00523598771542
1479425743556289337,-0.290073722601
1479425745406772032,-0.240506374836
1479425821520225089,-0.271922290325
1479425775412124470,-0.103672558069
1479425766610551622,-0.0523598790169
1479425775212067640,-0.124267445505
1479425797916058455,0.444709897041
1479425758258881381,-0.0544542729855
1479425817519450940,-0.00767944864928
1479425819569873770,-0.230732527375
1479425758409515884,-0.0544542729855
1479425741405971311,-0.249233019352
1479425771961557873,-0.0610865257681
1479425824770859901,-0.260752189159
1479425741606011774,-0.2754129529
1479425817469535106,-0.00523598771542
1479425757058671493,-0.00349065847695
1479425772561662856,-0.0767944902182
1479425774461936522,-0.156381505728
1479425777262476098,-0.095644043386
1479425806617658259,0.488692182302
1479425820320056214,-0.252025544643
1479425825820902299,-0.337546676397
1479425778012504991,-0.0275762025267
1479425790614766501,0.248185819387
1479425773661848487,-0.206297919154
1479425748207174568,-0.278903615475
1479425815969252265,0.0394444413483
1479425758809039791,-0.0460766926408
1479425742806148019,-0.312413930893
1479425748607181755,-0.244695162773
1479425772011545533,-0.0652753159404
1479425780413047748,0.00837758034468
1479425768060822482,-0.00523598771542
1479425793215235028,0.35046210885
1479425788864750565,0.0376991119236
1479425827971220454,-0.334754151106
1479425734004687850,0.00174532923847
1479425819819918319,-0.231081590056
1479425827671180276,-0.247487688065
1479425739405689847,-0.0945968449116
1479425752408163324,-0.0272271368653
1479425739955733501,-0.134390354156
1479425813968897037,0.0537561409175
1479425782913418258,-0.0258308734745
1479425766160540691,-0.0506145469844
1479425827621097724,-0.247487688065
1479425773611844633,-0.206297919154
1479425808267871260,0.433190715313
1479425750857581597,0.0565486684442
1479425736305058846,-0.00349065847695
1479425809468269605,0.419228094816
1479425781263131686,0.028623399511
1479425760959431724,-0.045378562063
1479425755858461741,0.000698131695388
1479425742106035257,-0.311017674208
1479425824570803260,-0.276111090183
1479425775262139455,-0.124267445505
1479425826271077440,-0.301592898369
1479425772861719625,-0.140324471891
1479425779412745058,-0.0418879017234
1479425797115864143,0.410152369738
1479425746156700754,-0.326376569271
1479425737955435608,-0.00872664619237
1479425814018837348,0.0488692186773
1479425769861186650,0.00174532923847
1479425740405736544,-0.125663712621
1479425751657833571,0.070511302352
1479425751807812709,0.0181514244526
1479425825471056197,-0.256563401222
1479425797866046569,0.462861311436
1479425793165223019,0.370707935095
1479425825420903542,-0.256563401222
1479425817119507575,0.0202458193525
1479425736104944761,-0.00907571204004
1479425815819281530,0.047822021693
1479425785163752575,-0.254469013214
1479425771311555715,-0.0443313635886
1479425797716083845,0.460068786144
1479425825320952967,-0.241902634502
1479425732354425995,0.0408407047391
1479425736555168910,0.00209439508617
1479425745156686994,-0.259704995155
1479425776562275479,-0.113097333908
1479425789014549664,0.0251327417791
1479425773411861669,-0.221656814218
1479425777662526632,-0.0561996027827
1479425776462283948,-0.116238926351
1479425780462986413,0.00837758034468
1479425757258769582,0.0
1479425827921151152,-0.334754151106
1479425827821146312,-0.342782664299
1479425816269292722,-0.00349065847694
1479425734404744371,0.000698131695388
1479425785463932092,-0.254818081856
1479425752507991230,-0.0331612564623
1479425796265772237,0.490088450909
1479425766910600402,-0.0506145469844
1479425813618832931,0.127758102119
1479425820920128724,-0.284488677979
1479425783813620949,-0.138928207755
1479425751607821529,0.070511302352
1479425792215082204,0.414690226316
1479425771761575138,-0.0628318563104
1479425812018537699,0.413643032312
1479425739205592298,-0.0436332315206
1479425787864360171,0.05794493258
1479425747707020527,-0.284488677979
1479425797365966073,0.407010775804
1479425739855709441,-0.134390354156
1479425751307683076,0.0767944902182
1479425782963365126,-0.0258308734745
1479425747807102220,-0.284488677979
1479425797465934722,0.461115986109
1479425812618700049,0.209439516068
1479425821020071186,-0.283441472054
1479425755308508440,0.012566370517
1479425819469800732,-0.196524074674
1479425784363795745,-0.167551606894
1479425790764798929,0.235270380974
1479425811218482470,0.444709897041
1479425765410538791,-0.045378562063
1479425751057704236,0.0715584978461
1479425755408753965,0.00872664619237
1479425796315776304,0.481710875034
1479425743306351922,-0.312064868212
1479425778612692275,0.00104719754308
1479425777162405177,-0.0959931090474
1479425819119854908,-0.170693197846
1479425758008902976,-0.0261799391359
1479425745256588614,-0.259006863832
1479425760009250120,0.0146607657894
1479425762809742666,-0.0104719754308
1479425802317276491,0.445058965683
1479425820870165841,-0.284139609337
1479425750157518162,-0.0181514244526
1479425745806746964,-0.293215316534
1479425818419651930,-0.0610865242779
1479425755058324828,0.0157079640776
1479425750807692642,0.0565486684442
1479425737205253476,-0.00663225110619
1479425812568655205,0.243647965789
1479425804417295718,0.486597794294
1479425753058035053,-0.00104719754309
1479425773011731824,-0.179419848323
1479425744506447217,-0.323234975338
1479425740605900150,-0.169995069504
1479425808367843820,0.418879026175
1479425809218184576,0.430747258663
1479425788414391872,0.0254818074405
1479425784563656072,-0.171042263508
1479425818219677069,-0.0366519130766
1479425823120468888,-0.303338229656
1479425796915876078,0.418180894852
1479425780263003547,0.0
1479425746606826910,-0.311366742849
1479425822570390945,-0.291819047928
1479425754008135078,-0.00349065847695
1479425779963028905,-0.0363028474152
1479425776062219704,-0.104719758034
1479425804917237180,0.447851490974
1479425733854709182,0.00209439508617
1479425817819564130,-0.0544542729855
1479425740005672392,-0.128107170761
1479425823220516297,-0.302291029692
1479425785213806031,-0.255516207218
1479425813418780112,0.213279232383
1479425777862583765,-0.038397243619
1479425825620944346,-0.299847561121
1479425782663374300,0.00558505356312
1479425805917660642,0.448200547695
1479425740105737699,-0.114842663706
1479425773111870951,-0.189891824126
1479425732404504041,0.0328121900558
1479425765060347371,-0.0366519130766
1479425792165045740,0.371406066418
1479425747757032955,-0.284488677979
1479425827871147520,-0.342782664299
1479425768160880129,-0.00523598771542
1479425811968624130,0.414690232277
1479425806867580420,0.469842636585
1479425815769228805,0.0324631240219
1479425744456492558,-0.315904587507
1479425748857259539,-0.18116517663
1479425785713911316,-0.250629284978
1479425825770964501,-0.318348056078
1479425750757664278,0.034906585142
1479425787314136603,-0.0237364780158
1479425817669535263,-0.0216420829296
1479425784863761952,-0.215722697973
1479425752807925285,-0.0188495565205
1479425788364465709,0.0345575198531
1479425806717552177,0.488692182302
1479425772061574707,-0.0652753159404
1479425824370714173,-0.210486710071
1479425796365851114,0.481710875034
1479425791815009870,0.316602724791
1479425823520589395,-0.228289061785
1479425796165755152,0.470191699266
1479425806767679083,0.488692182302
1479425755508401772,0.00767944864929
1479425824270706289,-0.212930169702
1479425730303944307,-0.0157079640776
1479425786864166517,-0.0694641038775
1479425756858648182,-0.00767944864929
1479425825220798078,-0.227590930462
1479425812518643327,0.243647965789
1479425769060984449,0.000698131695388
1479425819919877762,-0.242251703143
1479425777212352134,-0.095644043386
1479425735004898952,0.0
1479425730453972617,-0.014660766162
1479425747006957195,-0.27750736475
1479425750907684498,0.0656243816018
1479425787264255637,-0.0373500458896
1479425776362391191,-0.114493596554
1479425749857461915,-0.0209439508617
1479425776912352930,-0.0998328313232
1479425765260576419,-0.0397935077548
1479425763159934632,-0.0205948852003
1479425751107626675,0.0763581562788
1479425822720419051,-0.351858377457
1479425827321177717,-0.226892799139
1479425775112111808,-0.135786616802
1479425734954903235,0.0
1479425789814572742,0.0589921288192
1479425789615277768,0.0548033386469
1479425825020808758,-0.276809215546
1479425735354951372,-0.0272271364927
1479425737655437008,-0.0226892810315
1479425733304551124,0.00383972432464
1479425732804429527,0.00488692186773
1479425775162001113,-0.135786616802
1479425825970985012,-0.330216294527
1479425777962551009,-0.0317649934441
1479425800016479971,0.468097299337
1479425811668635943,0.471937030554
1479425806167566060,0.453436541557
1479425808517924589,0.414690232277
1479425768110874920,-0.00523598771542
1479425783913597907,-0.14974924922
1479425818169804532,-0.0404916390777
1479425754408249081,0.00174532923847
1479425754558293757,0.00174532923847
1479425798616188671,0.437728565932
1479425766810584832,-0.0520108126104
1479425772911666950,-0.170344132185
1479425827221399304,-0.229336258769
1479425801516578434,0.515570259094
1479425755808442127,0.000698131695388
1479425769361090328,0.00174532923847
1479425802516948768,0.4153883636
1479425811018401569,0.424813139439
1479425817019533096,-0.00663225129246
1479425805967492910,0.448200547695
1479425811068434056,0.424813139439
1479425800716617524,0.520108103752
1479425766310561590,-0.0506145469844
1479425786914195081,-0.0645771846175
1479425775312119613,-0.108559478819
1479425769011119936,0.000698131695388
1479425822270349996,-0.266686308384
1479425738605537092,-0.0331612564623
1479425776812338145,-0.104370690882
1479425748307265352,-0.276111090184
1479425747056904010,-0.27750736475
1479425779862947661,-0.0380481779575
1479425793015261006,0.399331337214
1479425763059853138,-0.0143989664502
1479425746356782932,-0.319395244122
1479425816469325654,-0.0272271364927
1479425743906341178,-0.312413930893
1479425732555155295,0.0111701071262
1479425796665837408,0.438775777817
1479425803417085794,0.392699086666
1479425781863237479,-0.0167551610619
1479425821470271341,-0.280648946762
1479425785413865789,-0.254818081856
1479425791314904946,0.270526021719
1479425792665122451,0.435285115242
1479425754508183415,0.00174532923847
1479425815119185789,0.0328121908009
1479425753258084223,0.00942477788773
1479425810668306752,0.423765939474
1479425795315599241,0.437030434609
1479425776312321930,-0.114493596554
1479425774962026386,-0.139626339078
1479425756958705560,-0.00453785602003
1479425767960864669,-0.0111701073125
1479425805117392808,0.427256596088
1479425809418086316,0.419228094816
1479425771161413550,-0.0265290044248
1479425735804970928,-0.0143116999418
1479425754158163889,-0.00349065847695
1479425733354604467,0.00383972432464
1479425785863940025,-0.246789556742
1479425780762978239,0.0328121900558
1479425791214929858,0.270875090361
1479425822020372419,-0.261799395084
1479425774111958980,-0.116937060654
1479425825371129798,-0.241902634502
1479425767810937164,-0.0153588980436
1479425739155580875,-0.0401425734162
1479425743056202824,-0.312413930893
1479425786214066141,-0.146956720948
1479425769311332319,0.00174532923847
1479425735104866275,-0.00418879017233
1479425826971305957,-0.235619455576
1479425823920615762,-0.242600768805
1479425811468560366,0.46146504879
1479425753508046833,0.000698131695388
1479425769561147382,0.00174532923847
1479425797065918456,0.413992094993
1479425806367606783,0.469493567944
1479425744656484360,-0.331263488531
1479425784413710345,-0.167551606894
1479425823170496524,-0.303338229656
1479425773461882893,-0.221656814218
1479425790164699150,0.124267445505
1479425785913944080,-0.2366666466
1479425738255484946,-0.0178023587912
1479425809368082451,0.419926226139
1479425749357373464,-0.123918381334
1479425746656926724,-0.311366742849
1479425818619709466,-0.102974426747
1479425804817213467,0.419577157497
1479425794465450023,0.467050105333
1479425781413218346,-0.0307177957147
1479425738805569579,-0.0331612564623
1479425746706843697,-0.308574217558
1479425816319305395,-0.0202458195388
1479425800466450486,0.511730539799
1479425808117798580,0.459719723463
1479425738205347586,-0.0178023587912
1479425782563465275,0.0069813169539
1479425779712919612,-0.0401425734162
1479425748557387959,-0.26354470849
1479425730654128190,0.00418879017234
1479425738405447751,-0.0293215319514
1479425786964068424,-0.0645771846175
1479425798266144844,0.433888852596
1479425768810997843,-0.000698131695388
1479425768511014997,-0.00349065847695
1479425767910916453,-0.0111701073125
1479425827071175696,-0.238761046529
1479425730804107362,0.00244346093386
1479425771461470313,-0.0380481772124
1479425779262720107,-0.0411897696554
1479425733504632940,0.00523598771542
1479425767760889968,-0.00663225110619
1479425786514122865,-0.0865683302283
1479425774812031092,-0.140499003232
1479425733804689525,0.00209439508617
1479425745056614518,-0.247487688065
1479425787364198535,-0.0237364780158
1479425736755202186,0.00977384373543
1479425824520751247,-0.276111090183
1479425812868761747,0.225147470832
1479425757208750228,0.0
1479425798166096021,0.442266440391
1479425817919646745,-0.0555014699698
1479425765610432673,-0.0328121904284
1479425764160227490,-0.0129154363647
1479425814518925477,0.0715584993362
1479425758459013289,-0.0544542729855
1479425759309121708,-0.0628318563104
1479425815469099181,-0.00907571222633
1479425814619007154,0.0771435543895
1479425807817861303,0.48799405694
1479425792265062585,0.414690226316
1479425797515995336,0.473333293199
1479425730154096848,-0.0153588980436
1479425807567800532,0.467399168014
1479425801666660566,0.486946862936
1479425808217925848,0.433190715313
1479425734204786905,0.0
1479425803867076873,0.450993084908
1479425749807442148,-0.0209439508617
1479425766260615404,-0.0506145469844
1479425739105601777,-0.0401425734162
1479425768561002738,-0.00349065847695
1479425770411231475,0.00174532923847
1479425752907999484,-0.013962634094
1479425746406795529,-0.315206462145
1479425790864787726,0.233874118328
1479425771861854482,-0.0600393280387
1479425742206052628,-0.312413930893
1479425753758091544,-0.00523598771542
1479425827721054493,-0.318697118759
1479425809318193438,0.419926226139
1479425757458745637,-0.00453785602003
1479425824170625322,-0.231779724359
1479425751357688107,0.0767944902182
1479425730253883698,-0.0157079640776
1479425786163980596,-0.172438532114
1479425796015671617,0.467399173975
1479425742706215236,-0.312413930893
1479425743956379973,-0.312413930893
1479425774762043718,-0.141720733046
1479425822620412235,-0.319744318724
1479425824320709173,-0.210486710071
1479425750507579726,0.00488692186773
1479425781013080405,0.0380481787026
1479425808468355415,0.416435557604
1479425739005487449,-0.0401425734162
1479425746256816476,-0.319395244122
1479425780963125603,0.0443313628435
1479425750107556925,-0.0181514244526
1479425787914250608,0.0663225129247
1479425782413453686,0.0069813169539
1479425789964781948,0.0680678412318
1479425732104423826,0.0593411952257
1479425782063294871,-0.0157079640776
1479425752007821720,0.00139626339078
1479425769111185823,0.00174532923847
1479425801816754598,0.470191705227
1479425772661729703,-0.0785398185253
1479425807917699484,0.48310713172
1479425740955961772,-0.24888395071
1479425760059197873,0.0146607657894
1479425739605633460,-0.122173050046
1479425763709774261,-0.0181514244526
1479425761259407803,-0.0443313628435
1479425749657364939,-0.0338593881577
1479425762909826125,-0.0111701071262
1479425776212242851,-0.11344639957
1479425759359076829,-0.0628318563104
1479425825570925022,-0.271922290325
1479425756408646112,-0.00523598771542
1479425770711329254,0.0338593881577
1479425796765919721,0.429350996018
1479425775912192492,-0.104719758034
1479425781813219752,-0.0167551610619
1479425746206755314,-0.319395244122
1479425775812159993,-0.106465086341
1479425738655607294,-0.0331612564623
1479425742056090111,-0.308923274279
1479425742406175241,-0.313461136818
1479425810018185732,0.422369688749
1479425826421077831,-0.278554552793
1479425817419495171,-0.00523598771542
1479425792515099159,0.445757091045
1479425820069906970,-0.245044228435
1479425789264480796,0.0457276262343
1479425757558884102,-0.0171042272821
1479425740055718438,-0.128107170761
1479425755458529831,0.00872664619237
1479425820420024877,-0.268431639671
1479425770861414960,0.0715584978461
1479425754658236977,0.00453785602003
1479425752207878712,-0.0069813169539
1479425784663796284,-0.181863307953
1479425780312975933,0.00628318525851
1479425799066298946,0.406312644481
1479425739355613764,-0.0702495025471
1479425771261430341,-0.0453785613179
1479425732654410310,-0.0104719754308
1479425801116666443,0.525344133377
1479425732154346060,0.0593411952257
1479425816919468621,-0.0230383466929
1479425810968360718,0.414690232277
1479425801366612567,0.528834760189
1479425742456096527,-0.313461136818
1479425791564933735,0.267035365105
1479425799766436457,0.444709897041
1479425775512119914,-0.104021622241
1479425791915084395,0.324631243944
1479425783463520877,-0.114842663706
1479425745006545537,-0.247487688065
1479425816669383298,-0.0226892810315
1479425747106925190,-0.27750736475
1479425806267476616,0.464257580042
1479425759459142283,-0.0628318563104
1479425800816519822,0.523249721527
1479425816119323292,0.0160570291802
1479425770311199390,0.00174532923847
1479425815869232923,0.047822021693
1479425797666073252,0.453785610199
1479425822370425513,-0.27314402163
1479425772961688235,-0.170344132185
1479425742556195505,-0.312413930893
1479425764860308152,-0.0345575191081
1479425785613961916,-0.254119944572
1479425766760639169,-0.0523598790169
1479425748257123011,-0.278903615475
1479425827021122244,-0.238761046529
1479425803217185480,0.372104197741
1479425760759319259,-0.0275762025267
1479425810918404294,0.414690232277
1479425758909065951,-0.0418879017234
1479425823620688609,-0.233525052667
1479425787614317282,-0.019547688216
1479425800416447203,0.511730539799
1479425787214179044,-0.0373500458896
1479425744556526310,-0.323234975338
1479425792815164136,0.418529957533
1479425821720283890,-0.261799395084
1479425761509575411,-0.0303687293083
1479425747557116665,-0.28274333477
1479425743356300029,-0.312064868212
1479425793665379071,0.409105175734
1479425770261269256,0.00453785602003
1479425760259296010,-0.0178023587912
1479425799966419729,0.44924775362
1479425767310732051,-0.0265290044248
1479425822070319893,-0.261799395084
1479425731804400407,0.0366519145667
1479425782113217308,-0.0118682388216
1479425756158513626,-0.00523598771542
1479425819219872549,-0.179070782661
1479425766010571570,-0.0495673500001
1479425788014324537,0.0663225129247
1479425781563181884,-0.0202458199113
1479425754108218174,-0.00349065847695
1479425753207991129,0.00942477788773
1479425780863585115,0.0478220209479
1479425775062092642,-0.139277273417
1479425788514437988,0.0150098318234
1479425809768131431,0.424464070797
1479425793615293295,0.409105175734
1479425750607653746,0.0143116997555
1479425785363917686,-0.254818081856
1479425769511177080,0.00174532923847
1479425803367085887,0.381528967619
1479425764310297469,-0.0275762021542
1479425759209048962,-0.0607374593616
1479425817569528708,-0.00767944864928
1479425749757447048,-0.0209439508617
1479425794665474956,0.467050099373
1479425772611677071,-0.0785398185253
1479425774561954708,-0.15463617742
1479425814218988243,0.0572468005121
1479425761909492632,-0.0272271364927
1479425753857985433,-0.00349065847695
1479425790414777242,0.237364777923
1479425745206578076,-0.259006863832
1479425783863643038,-0.138928207755
1479425817169554343,0.0202458193525
1479425738755533737,-0.0331612564623
1479425796215835562,0.490088450909
1479425811368372039,0.449945878982
1479425747957066672,-0.283790540695
1479425790914841524,0.24155357182
1479425774361947065,-0.139277273417
1479425803667130585,0.447851485014
1479425735555640258,-0.016057029739
1479425778512636868,-0.0125663707033
1479425819719904197,-0.231430655718
1479425754058140614,-0.00349065847695
1479425757808823244,-0.0226892810315
1479425778362616781,-0.0226892810315
1479425801766742992,0.470540767908
1479425749157358547,-0.11588986069
1479425814118788055,0.0492182843387
1479425776662383576,-0.106465086341
1479425796865862622,0.424115008116
1479425781363092448,-0.0139626342803
1479425778662730721,0.00104719754308
1479425788614372322,0.00314159262925
1479425815269100518,0.0230383466929
1479425817969535977,-0.0555014699698
1479425814869175274,0.043982296437
1479425769161141229,0.00174532923847
1479425798316067822,0.419577157497
1479425741455911926,-0.249233019352
1479425802116867924,0.454832804203
1479425777562414079,-0.0684169068932
1479425777512500224,-0.0684169068932
1479425778062806018,-0.0275762025267
1479425798216051722,0.433888852596
1479425800616536855,0.52185344696
1479425779012900696,0.00104719754308
1479425765110451218,-0.0366519130766
1479425795865635865,0.476474887133
1479425737305238558,-0.018849556148
1479425801566776352,0.515570259094
1479425804117208102,0.499513238668
1479425815369190439,0.012915436551
1479425741155863593,-0.23911011219
1479425767560776748,0.0230383463204
1479425753008008243,-0.00104719754309
1479425750057503796,-0.0191986225545
1479425795765718077,0.446106153727
1479425796115770430,0.470191699266
1479425793565273160,0.382925242186
1479425772761746509,-0.103323490918
1479425814319025234,0.0621337234974
1479425765210360920,-0.0397935077548
1479425803116915802,0.367915409803
1479425734804876386,0.0
1479425747207064678,-0.274714815617
1479425762159635559,-0.0268780708313
1479425820370005104,-0.252025544643
1479425773811879026,-0.176976379752
1479425792015010931,0.334405082464
1479425768310967420,-0.00523598771542
1479425747606998143,-0.284488677979
1479425760909438081,-0.045378562063
1479425760459328646,-0.0191986225545
1479425783663611020,-0.120427720249
1479425788664556946,0.00314159262925
1479425787964427418,0.0663225129247
1479425792415091874,0.444011765718
1479425748707241125,-0.219562417269
1479425794015333542,0.493579113483
1479425762859920554,-0.0104719754308
1479425768210959531,-0.00523598771542
1479425825720952691,-0.318348056078
1479425801416789172,0.528136622906
1479425784763798046,-0.201410993934
1479425774311967932,-0.139277273417
1479425795915689157,0.481012743711
1479425764560211150,-0.0279252678156
1479425806317481166,0.469493567944
1479425798666194137,0.437728565932
1479425807717870811,0.485899657011
1479425792315100380,0.432841652632
1479425740855823589,-0.264591908455
1479425744006368487,-0.314508330822
1479425817719614696,-0.0432841651141
1479425785563827434,-0.253421807289
1479425819269825063,-0.179070782661
1479425787464223981,-0.00872664619237
1479425756608654579,-0.00837758034468
1479425777762446582,-0.0471238896251
1479425784513752321,-0.171042263508
1479425778412686598,-0.0212930172682
1479425736655138055,0.00733038280159
1479425757358771464,-0.00069813169539
1479425819419909335,-0.196524074674
1479425790314728722,0.191637152434
1479425788764392729,0.0132645025849
1479425783163587867,-0.0649262495339
1479425760659302643,-0.0195476882159
1479425731304246560,0.00174532923847
1479425755208346918,0.0139626339078
1479425757958843694,-0.0226892810315
1479425811868511535,0.425511270761
1479425749557357872,-0.0712094336748
1479425755958594865,-0.00418879017234
1479425791364951347,0.270526021719
1479425741255945525,-0.239459177851
1479425786614140214,-0.0820304751396
1479425814068912692,0.0488692186773
1479425780913196347,0.0443313628435
1479425732704505151,-0.00383972432464
1479425770911542596,0.0485201537609
1479425752557989191,-0.0331612564623
1479425735955098952,-0.0136135680601
1479425813868973397,0.0753982231021
1479425815919177048,0.0394444413483
1479425777812573536,-0.038397243619
1479425752658062690,-0.0272271368653
1479425816019193197,0.0314159270376
1479425761459425853,-0.0380481779575
1479425770561293688,0.00174532923847
1479425824120673969,-0.231779724359
1479425748057214333,-0.281347084045
1479425822920404350,-0.341037333012
1479425800766631301,0.520108103752
1479425769811209607,0.00174532923847
1479425809968187454,0.425511276722
1479425809268017048,0.430747258663
1479425735404858770,-0.0209439512342
1479425754808135064,0.0178023591637
1479425735154912673,-0.00418879017233
1479425745856769442,-0.293215316534
1479425749607361957,-0.0338593881577
1479425750257649565,-0.0125663707033
1479425784463764723,-0.167551606894
1479425789564652981,0.054105207324
1479425784613711293,-0.181863307953
1479425755908533696,-0.00418879017234
1479425768661028306,-0.00349065847695
1479425773761973721,-0.17872171402
1479425803066969562,0.375245785713
1479425827171216859,-0.235270383954
1479425791614954975,0.267384433747
1479425772211539439,-0.0760963559151
1479425770961374704,0.0485201537609
1479425805817581057,0.423765945435
1479425739905756677,-0.134390354156
1479425768711015681,-0.00349065847695
1479425750407515661,0.00139626339078
1479425779612840536,-0.041538836062
1479425808867921431,0.417133688927
1479425784913808929,-0.231779724359
1479425822770490914,-0.351858377457
1479425793715310120,0.451691204309
1479425744056315434,-0.314508330822
1479425753458036274,0.00174532923847
1479425815619180113,-0.0181514242664
1479425828321268319,-0.280299884081
1479425779512888892,-0.0418879017234
1479425748007013954,-0.281347084045
1479425806017449546,0.452738410234
1479425788264427084,0.050963614136
1479425750207573589,-0.0125663707033
1479425731154292311,0.00209439508617
1479425743806352984,-0.309272348881
1479425743006256733,-0.312413930893
1479425813468802657,0.213279232383
1479425805467381352,0.409105175734
1479425819369967211,-0.180467051268
1479425811268483896,0.444709897041
1479425778312654449,-0.0226892810315
1479425810268114548,0.423765939474
1479425765160404927,-0.0366519130766
1479425828071181951,-0.312064874172
1479425798716264064,0.434936046601
1479425757308718721,-0.00069813169539
1479425747357085318,-0.276809221506
1479425771111411341,-0.0265290044248
1479425738555526808,-0.0331612564623
1479425808667998148,0.417133688927
1479425785263836836,-0.255516207218
1479425776712348273,-0.104719758034
1479425808967986862,0.418879026175
1479425760109514418,-0.00279252678155
1479425816619232949,-0.0226892810315
1479425809618120378,0.422369688749
1479425820770160319,-0.277507352829
1479425764710461120,-0.0314159274101
1479425813318790855,0.223402142525
1479425770511363784,0.00174532923847
1479425774912073417,-0.139626339078
1479425782813404877,-0.00802851468324
1479425734504820430,0.00174532923847
1479425802366832335,0.445058965683
1479425764510297808,-0.0279252678156
1479425818869755601,-0.10611602068
1479425756008566494,-0.00523598771542
1479425799866453729,0.449945878983
1479425815219058642,0.0230383466929
1479425767260745454,-0.0397935077548
1479425744256413424,-0.316951793432
1479425800366493430,0.508239877224
1479425735905070839,-0.0136135680601
1479425749307371258,-0.123918381334
1479425794116112123,0.535117959976
1479425774862069503,-0.140499003232
1479425746556817153,-0.312413930893
1479425791064854276,0.245044228435
1479425808917942022,0.418879026175
1479425815169044234,0.0328121908009
1479425783363497744,-0.100181899965
1479425775612161809,-0.107512283325
1479425789364514585,0.0506145469844
1479425741805981477,-0.313810193539
1479425782313250598,0.00802851449698
1479425820620197673,-0.271573227644
1479425780162891563,-0.0181514244526
1479425786264071982,-0.146956720948
1479425801616715568,0.486946862936
1479425750957649713,0.0656243816018
1479425803166977844,0.367915409803
1479425781113098037,0.0380481787026
1479425782613389110,0.00558505356312
1479425822820527933,-0.361632227898
1479425795565580097,0.4349360466
1479425763359903560,-0.0212930168957
1479425778212712266,-0.0230383466929
1479425799616360280,0.424464076757
1479425738155380588,-0.012566370517
1479425737555349357,-0.0223402149975
1479425755558424430,0.00767944864929
1479425805617361134,0.408057969809
1479425770111250295,0.00523598771542
1479425824220753793,-0.212930169702
1479425770011332490,0.00279252678156
1479425763810422701,-0.0146607659757
1479425817219518781,0.0153588978574
1479425774712041401,-0.141720733046
1479425782163222458,-0.0118682388216
1479425777612730299,-0.0561996027827
1479425820169981894,-0.237364783883
1479425737905409995,-0.00872664619237
1479425762959822796,-0.0111701071262
1479425818119663567,-0.0404916390777
1479425763309837646,-0.0212930168957
1479425772711694299,-0.103323490918
1479425742756150608,-0.312413930893
1479425737755365347,-0.0178023587912
1479425795715674087,0.446106153727
1479425814919090154,0.0436332300305
1479425749707378677,-0.0209439508617
1479425744756527094,-0.329169094562
1479425817319460855,-0.000698131695392
1479425776512290813,-0.113097333908
1479425732954550270,0.00523598771542
1479425746806886403,-0.29461157918
1479425731554329260,0.00279252678156
1479425791014801419,0.245044228435
1479425801466835460,0.528136622906
1479425810418266130,0.425860345364
1479425768410927135,-0.00488692186773
1479425813218824226,0.191986218095
1479425734354792484,0.0
1479425730353950757,-0.0157079640776
1479425813818871846,0.0753982231021
1479425761759473708,-0.0279252678156
1479425752457924654,-0.0272271368653
1479425764910321712,-0.0349065847695
1479425757158690868,-0.000349065847694
1479425751757811766,0.0436332307756
1479425810718306359,0.416086500883
1479425819769909308,-0.231430655718
1479425821620285503,-0.263195651769
1479425747407048781,-0.280998009443
1479425797415979021,0.461115986109
1479425792565055569,0.445757091045
1479425765810466900,-0.0349065847695
1479425813368819800,0.223402142525
1479425799366283355,0.42516220808
1479425816769384544,-0.0212930168957
1479425745606652002,-0.250629279017
1479425746906943588,-0.280998009443
1479425800516587621,0.521504378319
1479425769461114898,0.00174532923847
1479425797966221446,0.444709897041
1479425743256301703,-0.311715805531
1479425805317369992,0.41783182621
1479425825170919565,-0.24155356586
1479425771211387022,-0.0453785613179
1479425787064152209,-0.0659734472633
1479425781763256466,-0.0174532923847
1479425752708018324,-0.0205948852003
1479425823570628763,-0.228289061785
1479425792715206815,0.423067814111
1479425745106563232,-0.259704995155
1479425804867301540,0.419577157497
1479425785313779057,-0.254818081856
1479425822520504489,-0.291819047928
1479425779462869171,-0.0418879017234
1479425807867785401,0.48799405694
1479425813018718397,0.196524074674
1479425773861826755,-0.176976379752
1479425802266775748,0.454483735561
1479425806917652678,0.457974392176
1479425820820084769,-0.284139609337
1479425734854865096,0.0
1479425805167358156,0.427256596088
1479425744806572238,-0.302291023731
1479425818269692112,-0.0366519130766
1479425790664782034,0.248185819387
1479425762110083286,-0.0268780708313
1479425733154520441,0.00523598771542
1479425770461401324,0.00174532923847
1479425778862706926,0.018849556148
1479425795616460157,0.438077628613
1479425771411394800,-0.0380481772124
1479425814418968827,0.0610865242779
1479425805667348732,0.408057969809
1479425783113519360,-0.0649262495339
1479425789214478596,0.0457276262343
1479425798816280848,0.420973420143
1479425756658725141,-0.00837758034468
1479425805017370907,0.452040278912
1479425786664251678,-0.0820304751396
1479425804967305947,0.447851490974
1479425739705741604,-0.134041288495
1479425793265294726,0.35046210885
1479425802666979623,0.390953749418
1479425745356607785,-0.245742362738
1479425823370670378,-0.284837734699
1479425761709420847,-0.0279252678156
1479425818319704375,-0.0429350994527
1479425778962837817,0.0167551608756
1479425735455068477,-0.0209439512342
1479425753558192447,0.000698131695388
1479425754358256353,0.00174532923847
1479425742006006090,-0.308923274279
1479425780563104075,0.0115191729739
1479425731404312908,0.00174532923847
1479425816969417039,-0.0230383466929
1479425747257004370,-0.274714815617
1479425818719842653,-0.104719758034
1479425774661955937,-0.146258586645
1479425808767848802,0.417133688927
1479425811718498363,0.45169121027
1479425814168899940,0.0492182843387
1479425804167352681,0.499513238668
1479425759159153005,-0.050963614136
1479425762759741812,-0.00907571204006
1479425740705796469,-0.233874121308
1479425751457747321,0.0785398185253
1479425777412501882,-0.0771435528994
1479425795415683451,0.431096315384
1479425745306661244,-0.245742362738
1479425744956535165,-0.256563404202
1479425739555598721,-0.106465084851
1479425736405094786,-0.00244346093386
1479425774211895684,-0.109955742955
1479425759259218311,-0.0607374593616
1479425799716376977,0.444709897041
1479425788914479507,0.0328121904284
1479425733054566812,0.00523598771542
1479425752607953314,-0.0272271368653
1479425734454792611,0.000698131695388
1479425746056729000,-0.341735464335
1479425798916272553,0.410501438379
1479425779062757447,0.00104719754308
1479425789114454444,0.0370009809732
1479425749457457585,-0.107512281835
1479425779162886578,-0.0226892804727
1479425736905273782,0.0115191729739
1479425766560649659,-0.0516617462039
1479425749007331774,-0.116587993503
1479425786113987008,-0.172438532114
1479425744306475465,-0.315904587507
1479425733754810826,0.00453785602003
1479425766060683723,-0.0495673500001
1479425791464927701,0.268780696392
1479425742656131543,-0.312413930893
1479425803567002072,0.428652864695
1479425734154752474,0.000698131695388
1479425762009477597,-0.0275762021542
1479425811768439263,0.45169121027
1479425762259718632,-0.0258308734744
1479425816069304815,0.0314159270376
1479425787714269680,0.0136135686189
1479425794315457014,0.491833782196
1479425730053911035,-0.00977384373544
1479425798466097661,0.436681377888
1479425780362965508,0.00628318525851
1479425779912954385,-0.0363028474152
1479425812318523925,0.365471941233
1479425789764645405,0.0558505356312
1479425761159451166,-0.045378562063
1479425813568824071,0.164759081602
1479425799916401197,0.44924775362
1479425737705427506,-0.0178023587912
1479425828371294303,-0.280299884081
1479425763559994122,-0.0223402149975
1479425760809390656,-0.041538836807
1479425770811339332,0.0715584978461
1479425783213520993,-0.0785398155451
1479425768960963147,0.0
1479425827520942668,-0.219213354587
1479425804217176653,0.491484713554
1479425795265598031,0.421671551466
1479425790214648401,0.153938040137
1479425773361738323,-0.204203519225
1479425781063144021,0.0380481787026
1479425782863450712,-0.00802851468324
1479425774061924956,-0.168249738216
1479425757658862174,-0.0223402149975
1479425810868382104,0.413643032312
1479425810318242416,0.424464070797
1479425768260833905,-0.00523598771542
1479425771011388018,0.00872664656489
1479425795815696489,0.476474887133
1479425762359669369,-0.0226892810315
1479425736005096064,-0.0122173046693
1479425818669656172,-0.102974426747
1479425769711219343,0.00174532923847
1479425773261910675,-0.19582594037
1479425777362483310,-0.0890117913485
1479425789064450711,0.0251327417791
1479425756808753820,-0.00767944864929
1479425821370192543,-0.285186803341
1479425793865347745,0.466002911329
1479425738455470758,-0.0293215319514
1479425827271291562,-0.229336258769
1479425760709374635,-0.0275762025267
1479425807267771052,0.46635197401
1479425793515229870,0.382925242186
1479425741355995827,-0.243298900128
1479425808717968059,0.417133688927
1479425802166866621,0.454832804203
1479425796515820224,0.450993084908
1479425798966244033,0.410501438379
1479425743606297289,-0.291819047928
1479425817869636303,-0.0544542729855
1479425816419308250,-0.0272271364927
1479425823320535771,-0.284837734699
1479425747857052381,-0.284488677979
1479425788064330465,0.0663225129247
1479425818519696098,-0.0872664630413
1479425819669898025,-0.241902637482
1479425746756915962,-0.308574217558
1479425813768958721,0.0973893716931
1479425769211564806,0.00174532923847
1479425778262602504,-0.0230383466929
1479425736955187978,0.0115191729739
1479425827421491982,-0.225496536493
1479425818569784364,-0.0872664630413
1479425769961176536,0.00174532923847
1479425825921266452,-0.330216294527
1479425794965967637,0.389208424091
1479425741105926934,-0.23911011219
1479425759709164311,-0.0579449318349
1479425735704916760,-0.0157079640776
1479425775862371109,-0.106465086341
1479425755258417964,0.0139626339078
1479425816219325229,-0.00349065847694
1479425807667843891,0.470540761948
1479425814468992122,0.0610865242779
1479425748957303606,-0.13997540772
1479425757858861879,-0.0226892810315
1479425786564129592,-0.0865683302283
1479425791965041475,0.324631243944
1479425820020175692,-0.245044228435
1479425772511597389,-0.0767944902182
1479425766660559672,-0.0523598790169
1479425823270523731,-0.302291029692
1479425812418679637,0.307876086235
1479425816519369529,-0.0230383466929
1479425794215482203,0.524995040894
1479425756708680544,-0.00872664619237
1479425773711823722,-0.17872171402
1479425762209698672,-0.0258308734744
1479425793065210738,0.399331337214
1479425796415886197,0.457625329494
1479425821070144937,-0.283441472054
1479425773211710352,-0.19582594037
1479425739655738257,-0.122173050046
1479425757758854035,-0.0226892810315
1479425760209253276,-0.0178023587912
1479425771561472925,-0.0485201530159
1479425744906548127,-0.256563404202
1479425738305500065,-0.0233874123543
1479425779812873126,-0.0380481779575
1479425824720819113,-0.260752189159
1479425823470670764,-0.24888395071
1479425772461708212,-0.0778416872025
1479425758308996026,-0.0593411959708
1479425758508979134,-0.0499164156616
1479425802016789441,0.455879998207
1479425752107799492,-0.00593411941081
1479425765510656967,-0.0432841658592
1479425763009852362,-0.0143989664502
1479425805517697996,0.406661719084
1479425732304434129,0.0408407047391
1479425754708423641,0.0108210412785
1479425733204530141,0.00453785602003
1479425738355610593,-0.0233874123543
1479425735855051750,-0.0143116999418
1479425746956956651,-0.280998009443
1479425771361506285,-0.0443313635886
1479425730503988209,-0.00488692186772
1479425764360197107,-0.0275762021542
1479425809668256756,0.422369688749
1479425760609293305,-0.0195476882159
1479425741205943292,-0.239459177851
1479425796815934464,0.424115008116
1479425756458628097,-0.00523598771542
1479425794565526530,0.462861317396
1479425784013616139,-0.153239914775
1479425751007597580,0.0715584978461
1479425768011166746,-0.00523598771542
1479425789664556061,0.0548033386469
1479425734104732709,0.000698131695388
1479425767210701875,-0.0397935077548
1479425785113744436,-0.254469013214
1479425797266011192,0.400727593899
1479425799816393788,0.449945878983
1479425811318445119,0.449945878982
1479425788964492353,0.0328121904284
1479425783713609911,-0.128456237912
1479425793415312474,0.36477381587
1479425810768311387,0.416086500883
1479425794515506269,0.462861317396
1479425764260205662,-0.019198622182
1479425782363386986,0.00802851449698
1479425758608979058,-0.0488692186773
1479425757408785529,-0.00453785602003
1479425811918589463,0.414690232277
1479425738005435533,-0.00942477788774
1479425823020610702,-0.315206468105
1479425732754502801,-0.00383972432464
1479425743756326034,-0.300196629763
1479425793465329624,0.36477381587
1479425776612250783,-0.106465086341
1479425756508574883,-0.00628318525851
1479425807167632549,0.466002911329
1479425759109092520,-0.050963614136
1479425735304942771,-0.0272271364927
1479425819169805494,-0.170693197846
1479425782213481655,0.00418879017234
1479425790564857020,0.253770881891
1479425736355009732,-0.00349065847695
1479425794865460422,0.431794458628
1479425730904192207,0.00349065847695
1479425790964905168,0.24155357182
1479425757708850388,-0.0226892810315
1479425804267279574,0.491484713554
1479425810368214238,0.424464070797
1479425820720137427,-0.277507352829
1479425789314643181,0.0506145469844
1479425734754800885,0.0
1479425777912599804,-0.0317649934441
1479425756108518655,-0.00523598771542
1479425786364089604,-0.142767930031
1479425793965364487,0.467748236656
1479425754858345738,0.0178023591637
1479425789864585433,0.0589921288192
1479425803017073950,0.375245785713
1479425786014004513,-0.213628298044
1479425736154920226,-0.00907571204004
1479425776012211492,-0.104719758034
1479425788814456101,0.0376991119236
1479425794715497770,0.461115980148
1479425805767456053,0.410501432419
1479425740355810614,-0.123569314182
1479425800116385080,0.50963613987
1479425756308542779,-0.00523598771542
1479425811518464906,0.47333329916
1479425798416168255,0.436681377888
1479425743456384322,-0.303687292337
1479425741306082628,-0.243298900128
1479425800266487109,0.52150439024
1479425775562175820,-0.104021622241
1479425816869336397,-0.0251327414065
1479425772361626963,-0.0767944902182
1479425763209876827,-0.0209439508617
1479425774011913564,-0.168249738216
1479425799116264802,0.429001927376
1479425803717023084,0.449596816302
1479425807967712622,0.48310713172
1479425731854259567,0.0366519145667
1479425812168500115,0.409803301096
1479425731704403320,0.0122173048556
1479425766460519804,-0.0506145469844
1479425802766923134,0.341735464335
1479425785513940351,-0.253421807289
1479425790464816515,0.237364777923
1479425782463452548,0.0069813169539
1479425744406533517,-0.315904587507
1479425816719381902,-0.0212930168957
1479425821320189327,-0.285186803341
1479425794765559185,0.461115980148
1479425731454301592,0.00174532923847
1479425733704676767,0.00453785602003
1479425826821145408,-0.235619455576
1479425786814109094,-0.0694641038775
1479425757108730097,-0.000349065847694
1479425810518226345,0.424115008116
1479425791414965674,0.268780696392
1479425751157691820,0.0763581562788
1479425815019197869,0.0411897696554
1479425729854277875,0.0164060954004
1479425803917243829,0.470540767908
1479425734704813498,0.0
1479425755158377915,0.0157079640776
1479425746856867260,-0.29461157918
1479425765460530623,-0.045378562063
1479425740505830154,-0.134041288495
1479425801066763725,0.523947858811
1479425813168813519,0.180117982626
1479425824820745686,-0.278903615475
1479425776962393566,-0.0998328313232
1479425745556682210,-0.244346097112
1479425812968723942,0.220260551572
1479425805217445352,0.420624345541
1479425767860766972,-0.0153588980436
1479425760359249388,-0.0191986225545
1479425767610824175,0.0118682391941
1479425763109929896,-0.0205948852003
1479425766960666099,-0.0506145469844
1479425753908721140,-0.00349065847695
1479425759059047927,-0.0425860337913
1479425744206452219,-0.316951793432
1479425807417783806,0.476823955774
1479425790814811659,0.233874118328
1479425771611485708,-0.0624827899039
1479425737805346318,-0.00733038280159
1479425758558934543,-0.0499164156616
1479425734055114256,0.00174532923847
1479425821220165138,-0.286233991385
1479425783763572995,-0.128456237912
1479425774512043540,-0.15463617742
1479425820270007829,-0.237713849544
1479425764010145305,-0.0122173046693
1479425788714448417,0.0132645025849
1479425794615481891,0.467050099373
1479425774161991206,-0.116937060654
1479425750457570858,0.00139626339078
1479425806217524789,0.464257580042
1479425822970607158,-0.341037333012
1479425763259934985,-0.0209439508617
1479425819019777597,-0.146607658267
1479425793765316160,0.451691204309
1479425824920868418,-0.294611573219
1479425828471395907,-0.267035371065
1479425753308010052,0.00279252678156
1479425757608769094,-0.0223402149975
1479425792615609927,0.435285115242
1479425791515022920,0.267035365105
1479425736855238217,0.0104719754308
1479425767110694474,-0.0401425734162
1479425752357901905,-0.0115191729739
1479425731754335844,0.0122173048556
1479425741005903454,-0.239808243513
1479425744856520289,-0.302291023731
1479425795015489123,0.365122884512
1479425820670006889,-0.271573227644
1479425802066798866,0.455879998207
1479425787114141298,-0.0548033393919
1479425748907292947,-0.13997540772
1479425809718081151,0.424464070797
1479425764210202242,-0.019198622182
1479425783063451267,-0.0499164164066
1479425781213124232,0.028623399511
1479425746456802955,-0.315206462145
1479425731504232082,0.00279252678156
1479425741505926803,-0.257610595226
1479425813518816925,0.164759081602
1479425825670887072,-0.299847561121
1479425818369603236,-0.0429350994527
1479425752157949553,-0.00593411941081
1479425827121198761,-0.235270383954
1479425799166228145,0.429001927376
1479425746006734516,-0.341735464335
1479425735655069367,-0.0157079640776
1479425785063782073,-0.251676481962
1479425794915579579,0.389208424091
1479425754958362316,0.0174532931298
1479425748107097818,-0.280998021364
1479425820120094427,-0.237364783883
1479425775362045662,-0.108559478819
1479425820570113761,-0.272271364927
1479425807367730914,0.474031430483
1479425816819398371,-0.0251327414065
1479425736705201895,0.00977384373543
1479425790064686827,0.0921533852816
1479425732054472431,0.0638790532947
1479425753608189684,-0.00453785602003
1479425735254890235,-0.0219911489636
1479425790114752811,0.124267445505
1479425738955634440,-0.0349065855145
1479425799216314124,0.436332303286
1479425788314457869,0.0345575198531
1479425748407146254,-0.273318558931
1479425754908333841,0.0174532931298
1479425793365260059,0.356396239996
1479425782763337510,0.00174532923847
1479425771661506346,-0.0624827899039
1479425802567063341,0.4153883636
1479425792115071283,0.371406066418
1479425773511817013,-0.230732521414
1479425827471005494,-0.225496536493
1479425766110639933,-0.0506145469844
1479425802416797503,0.425511276722
1479425775962199879,-0.104719758034
1479425807467859702,0.476823955774
1479425765310429010,-0.0446804299951
1479425753108019029,0.00907571204005
1479425781463160664,-0.0307177957147
1479425784813803353,-0.215722697973
1479425791164810213,0.259704989195
1479425764610283372,-0.0279252678156
1479425739505538926,-0.106465084851
1479425780062910782,-0.0328121904284
1479425800566536058,0.521504378319
1479425815719204733,0.0324631240219
1479425799566350206,0.417133694887
1479425736805160837,0.0104719754308
1479425797215942542,0.400727593899
1479425776262297489,-0.11344639957
1479425814269007764,0.0572468005121
1479425748807276441,-0.18116517663
1479425761559526176,-0.0303687293083
1479425741755963296,-0.296007841825
1479425799666505634,0.424464076757
1479425779112687523,-0.0226892804727
1479425761659410343,-0.0279252678156
1479425761409365932,-0.0380481779575
1479425823420569518,-0.24888395071
1479425732504500145,0.0111701071262
1479425733604628404,0.00523598771542
1479425789514520503,0.054105207324
1479425734904829883,0.0
1479425768360990659,-0.00523598771542
1479425793915361220,0.467748236656
1479425807067617225,0.461115986109
1479425792965187530,0.416784626246
1479425800066491383,0.468097299337
1479425763910179149,-0.0122173046693
1479425806517647314,0.471937030554
1479425774261999572,-0.109955742955
1479425759809157454,-0.0394444413483
1479425749207357403,-0.124616512656
1479425778162579422,-0.0244346093386
1479425767010613216,-0.0457276262343
1479425738855552996,-0.0331612564623
1479425801916938213,0.466701036692
1479425778812688359,0.018849556148
1479425788214343662,0.050963614136
1479425828271216625,-0.291120922565
1479425752257887914,-0.0069813169539
1479425751707891719,0.0436332307756
1479425753958119699,-0.00349065847695
1479425824871077900,-0.278903615475
1479425828121131021,-0.291819047928
1479425769261037600,0.00174532923847
1479425812918663201,0.220260551572
1479425765560514603,-0.0432841658592
1479425797566060590,0.473333293199
1479425780212889652,0.0
1479425743506315321,-0.290073722601
1479425743156222023,-0.311366742849
1479425764660451402,-0.0279252678156
1479425817369488136,-0.000698131695392
1479425811568474191,0.47333329916
1479425791864993872,0.316602724791
1479425758058911825,-0.0261799391359
1479425749907413079,-0.0198967538774
1479425819969952100,-0.242251703143
1479425741956012123,-0.311715805531
1479425765360449628,-0.0446804299951
1479425744606509153,-0.331263488531
1479425803767109734,0.449596816302
1479425807767672936,0.485899657011
1479425798066026602,0.438426697255
1479425760859338862,-0.041538836807
1479425730754058351,0.00244346093386
1479425785013732371,-0.251676481962
1479425742606235764,-0.312413930893
1479425780112988281,-0.0181514244526
1479425784113666170,-0.158126834035
1479425805367359624,0.41783182621
1479425810618415242,0.423765939474
1479425787764332683,0.0136135686189
1479425764760369293,-0.0314159274101
1479425758859049102,-0.0460766926408
1479425826521094288,-0.255167141557
1479425807317721033,0.474031430483
1479425826020997267,-0.296705973148
1479425822420433046,-0.28029987812
1479425795165632663,0.38641590476
1479425809918072991,0.425511276722
1479425804517169320,0.474380493164
1479425753658120363,-0.00453785602003
1479425826171057181,-0.300545698404
1479425790714820784,0.235270380974
1479425797615950004,0.453785610199
1479425730004015285,-0.00977384373544
1479425730954197175,0.00349065847695
1479425808317962437,0.418879026175
1479425810118088905,0.422369688749
1479425776862370005,-0.104370690882
1479425763659831513,-0.0209439508617
1479425748157216987,-0.280998021364
1479425753708083424,-0.00523598771542
1479425813068675299,0.196524074674
1479425801866757158,0.470191705227
1479425825070905582,-0.276809215546
1479425795965712625,0.481012743711
1479425826771187963,-0.23422318399
1479425747156932867,-0.27750736475
1479425768460867846,-0.00488692186773
1479425813718718728,0.0973893716931
1479425771811469577,-0.0600393280387
1479425745656723730,-0.250629279017
1479425748757256467,-0.219562417269
1479425761209555221,-0.0443313628435
1479425816369248542,-0.0202458195388
1479425736605128997,0.00733038280159
1479425800966756648,0.523598790169
1479425761609726255,-0.0279252678156
1479425804067223856,0.491484713554
1479425770211432753,0.00453785602003
1479425737405331763,-0.0209439508617
1479425783413578039,-0.114842663706
1479425735754979641,-0.0157079640776
1479425730854230334,0.00244346093386
1479425815519459649,-0.0363028485328
1479425797315975492,0.407010775804
1479425737505290573,-0.0223402149975
1479425793815279950,0.466002911329
1479425773562018127,-0.230732521414
1479425804767213908,0.420624351501
1479425775762176343,-0.108210414648
1479425755108391264,0.0157079640776
1479425754608236900,0.00453785602003
1479425791764912495,0.284488672018
1479425737455245683,-0.0209439508617
1479425740905888116,-0.24888395071
1479425760159218042,-0.00279252678155
1479425827771062651,-0.318697118759
1479425784213608828,-0.165806278587
1479425797015886218,0.413992094993
1479425826871097740,-0.235619455576
1479425745456626065,-0.240506374836
1479425789714684306,0.0558505356312
1479425751857805722,0.0181514244526
1479425807617898906,0.470540761948
1479425812668668320,0.209439516068
1479425805417445793,0.409105175734
1479425823970695586,-0.242600768805
1479425812268606690,0.398982268572
1479425794165471657,0.535117959976
1479425737055238572,0.0115191729739
1479425777062394286,-0.0959931090474
1479425735505041841,-0.016057029739
1479425783263533494,-0.0785398155451
1479425814969063866,0.0436332300305
1479425826921150907,-0.235619455576
1479425743106210245,-0.311366742849
1479425809168038346,0.446106159687
1479425804367272395,0.488692194223
1479425742156044749,-0.311017674208
1479425825270998093,-0.227590930462
1479425813268756945,0.191986218095
1479425803617040852,0.447851485014
1479425819620006359,-0.241902637482
1479425827571089236,-0.219213354587
1479425731654318564,0.00418879017234
1479425779662789098,-0.041538836062
1479425756909197804,-0.00453785602003
1479425826071083504,-0.296705973148
1479425783513528817,-0.118682391942
1479425756558662130,-0.00628318525851
1479425803467020787,0.392699086666
1479425767460862453,0.00663225129246
1479425805067377145,0.452040278912
1479425822320458239,-0.27314402163
1479425788114450945,0.0621337227523
1479425737155213826,0.00488692186773
1479425802916936195,0.349763977528
1479425748657191431,-0.244695162773
1479425791664986540,0.267384433747
1479425737105160717,0.00488692186773
1479425773311728143,-0.204203519225
1479425785663909636,-0.254119944572
1479425751207713321,0.0767944902182
1479425770061404716,0.00279252678156
1479425824420665919,-0.241902634501
1479425780812986946,0.0478220209479
1479425751957772871,0.00942477788776
1479425827370916427,-0.226892799139
1479425796615944786,0.438775777817
1479425804317309523,0.488692194223
1479425733454617176,0.00453785602003
1479425787014134369,-0.0659734472633
1479425777312438890,-0.0890117913485
1479425741655956075,-0.2754129529
1479425787414215288,-0.00872664619237
1479425785763986050,-0.250629284978
1479425740805880453,-0.264591908455
1479425821270235782,-0.286233991385
1479425759759145612,-0.0579449318349
1479425776112384654,-0.109606677294
1479425770661378714,0.00244346093386
1479425791264889501,0.270875090361
1479425765960432286,-0.0415388360619
1479425820520168095,-0.272271364927
1479425822470322863,-0.28029987812
1479425763960093363,-0.0122173046693
1479425740205791925,-0.114842663706
1479425766711048892,-0.0523598790169
1479425798516226749,0.445495299995
1479425787164162755,-0.0548033393919
1479425777112455877,-0.0959931090474
1479425823720546319,-0.243647965789
1479425810168158921,0.422369688749
1479425766210714315,-0.0506145469844
1479425810818341586,0.413643032312
1479425751407737555,0.0785398185253
1479425821920287449,-0.261101257801
1479425783313611483,-0.100181899965
1479425812368743132,0.365471941233
1479425768610962141,-0.00349065847695
1479425761109433059,-0.045378562063
1479425816569592569,-0.0230383466929
1479425740455811834,-0.125663712621
1479425809018026749,0.433539789915
1479425773961894659,-0.183259576559
1479425783613553412,-0.120427720249
1479425747457030917,-0.280998009443
1479425777462459148,-0.0771435528994
1479425777012382479,-0.0959931090474
1479425767160650513,-0.0401425734162
1479425778712673043,0.0104719754308
1479425795365608224,0.437030434609
1479425761309481762,-0.0429350987077
1479425780513037091,0.0115191729739
1479425818019666735,-0.0520108118653
1479425743856343859,-0.309272348881
1479425754308246326,0.00174532923847
1479425749107333944,-0.11588986069
1479425742306070325,-0.313810205459
1479425749957458754,-0.0198967538774
1479425822170391691,-0.262846583128
1479425775662324549,-0.107512283325
1479425798866287437,0.420973420143
1479425828221205331,-0.291120922565
1479425736204958554,-0.00418879017234
1479425758709021533,-0.0485201530159
1479425808067853151,0.477871149778
1479425739255618402,-0.0436332315206
1479425733004565350,0.00523598771542
1479425790014724969,0.0921533852816
1479425730704077970,0.00244346093386
1479425804567321458,0.474380493164
1479425792915241843,0.416784626246
1479425808617947387,0.417133688927
1479425826721184634,-0.23422318399
1479425773061798781,-0.179419848323
1479425732204460934,0.0495673507452
1479425755608537992,0.00593411941081
1479425730554059657,-0.00488692186772
1479425740655844240,-0.169995069504
1479425810068224934,0.422369688749
1479425793315257269,0.356396239996
1479425805717502918,0.410501432419
1479425784063630280,-0.153239914775
1479425759909231561,0.00523598771543
1479425759009135563,-0.0425860337913
1479425762309782479,-0.0226892810315
1479425803516979705,0.428652864695
1479425755008310236,0.0157079640776
1479425802867156133,0.316602724791
1479425736455158759,-0.00244346093386
1479425789414505451,0.0530580103397
1479425742906178548,-0.312413930893
1479425816169282550,0.0160570291802
1479425740755860472,-0.233874121308
1479425801216703267,0.527089416981
1479425762559908859,-0.0125663707033
1479425777712561149,-0.0471238896251
1479425732454448127,0.0328121900558
1479425754258267140,-0.00069813169539
1479425745906703370,-0.336848545075
1479425789164624909,0.0370009809732
1479425762059590670,-0.0275762021542
1479425752057789457,0.00139626339078
1479425772411575314,-0.0778416872025
1479425746106727443,-0.326376569271
1479425808017800226,0.477871149778
1479425752757910563,-0.0205948852003
1479425826671123496,-0.232826918363
1479425763409976362,-0.0226892810315
1479425758158977543,-0.0356047168374
1479425781913222188,-0.0157079640776
1479425809118060381,0.446106159687
1479425750307593264,-0.00488692186773
1479425813118712881,0.180117982626
1479425770611252277,0.00244346093386
1479425734654786622,0.000698131695388
1479425813668928577,0.127758102119
1479425742856232408,-0.312413930893
1479425818769783877,-0.104719758034
1479425781313141834,-0.0139626342803
1479425752857992267,-0.0188495565205
1479425753158048844,0.00907571204005
1479425803817156450,0.450993084908
1479425765010324559,-0.0366519130766
1479425731004259409,0.00349065847695
1479425806417558611,0.469493567944
1479425821670243413,-0.263195651769
1479425811818497043,0.425511270761
1479425787564309602,-0.00279252678156
1479425810218245220,0.423765939474
1479425737605364842,-0.0226892810315
1479425753358007409,0.00279252678156
1479425744106388596,-0.315904587507
1479425814368836730,0.0621337234974
1479425786064026748,-0.213628298044
1479425730404023427,-0.014660766162
1479425783963647108,-0.14974924922
1479425731104152709,0.00209439508617
1479425754208214152,-0.00069813169539
1479425818919697551,-0.12077678591
1479425779362782352,-0.0422369673848
1479425767710743704,-0.00663225110619
1479425789464607898,0.0530580103397
1479425772311641244,-0.0767944902182
1479425779762855071,-0.0401425734162
1479425762509757603,-0.0125663707033
1479425731204303388,0.00174532923847
1479425828021170595,-0.312064874172
1479425824620764337,-0.271224164963
1479425742506106048,-0.312413930893
1479425759659187394,-0.0607374586165
1479425759609117911,-0.0607374586165
1479425761860271327,-0.0275762021542
1479425764460608747,-0.0279252678156
1479425803317107955,0.381528967619
1479425740155755765,-0.114842663706
1479425795515579638,0.4349360466
1479425792065100204,0.334405082464
1479425808167935233,0.459719723463
1479425771511478828,-0.0485201530159
1479425740305784076,-0.123569314182
1479425807217704205,0.46635197401
1479425796965956883,0.418180894852
1479425764060265749,-0.0122173046693
1479425781163072790,0.0380481787026
1479425767660854556,0.0118682391941
1479425806467546401,0.469493567944
1479425756758678818,-0.00872664619237
1479425800166456611,0.50963613987
1479425824670711076,-0.271224164963
1479425802466934053,0.425511276722
1479425756058544689,-0.00523598771542
1479425821820329257,-0.261799395084
1479425782013263150,-0.0157079640776
1479425762709765423,-0.00907571204006
1479425815069089074,0.0411897696554
1479425794265464117,0.524995040894
1479425809818156349,0.425860345364
1479425821570211137,-0.271922290325
1479425821770259782,-0.261799395084
1479425804667256135,0.450294947624
1479425802816945480,0.316602724791
1479425742956182861,-0.312413930893
1479425736505113934,0.00209439508617
1479425745956650320,-0.336848545075
1479425800316427606,0.508239877224
1479425786764164442,-0.0794124826789
1479425735054843229,0.0
1479425786313991187,-0.142767930031
1479425758959066465,-0.0418879017234
1479425806117559660,0.453436541557
1479425733954723183,0.00174532923847
1479425731954310513,0.0603883937001
1479425754758315385,0.0108210412785
1479425789914660218,0.0680678412318
1479425736054971771,-0.0122173046693
1479425751257777387,0.0767944902182
1479425794815597958,0.431794458628
1479425780713020810,0.0328121900558
1479425784263630221,-0.165806278587
1479425776162233746,-0.109606677294
1479425798116072854,0.442266440391
1479425737355287959,-0.018849556148
1479425759559146915,-0.0628318563104
1479425809068121511,0.433539789915
1479425787514232233,-0.00279252678156
1479425796715952711,0.429350996018
1479425736255020470,-0.00418879017234
1479425805867520283,0.423765945435
1479425749407325630,-0.107512281835
1479425766860717506,-0.0520108126104
1479425764410285508,-0.0279252678156
1479425784313634245,-0.167551606894
1479425760509271500,-0.0191986225545
1479425755708497359,0.00349065847695
1479425759959301586,0.00523598771543
1479425739456085459,-0.0945968449116
1479425759409126868,-0.0628318563104
1479425812218518997,0.398982268572
1479425814819053015,0.043982296437
1479425732004330968,0.0638790532947
1479425826471427546,-0.278554552793
1479425746506907099,-0.312413930893
1479425756358548956,-0.00523598771542
1479425791715016165,0.284488672018
1479425757508793596,-0.0171042272821
1479425799316184560,0.42516220808
1479425753408159220,0.00174532923847
1479425732604427773,-0.0104719754308
1479425823670582785,-0.233525052667
1479425811118448132,0.437728571892
1479425826620988934,-0.232826918363
1479425761059372553,-0.045378562063
1479425737255304717,-0.00663225110619
1479425729953971728,0.00453785602003
1479425799516405266,0.417133694887
1479425738055384601,-0.00942477788774
1479425809518108187,0.422369688749
1479425786714136095,-0.0794124826789
1479425806817680929,0.469842636585
1479425765760458277,-0.0282743338496
1479425763860119081,-0.0146607659757
1479425770161176110,0.00523598771542
1479425745506696760,-0.244346097112
1479425732854529605,0.00488692186773
1479425768760983114,-0.00349065847695
1479425821170155084,-0.285186803341
1479425783013468936,-0.0499164164066
1479425785963953747,-0.2366666466
1479425823820619348,-0.242600768805
1479425823770599002,-0.243647965789
1479425762609774171,-0.00767944864929
1479425764810518458,-0.0345575191081
1479425762659720798,-0.00767944864929
1479425765860490852,-0.0349065847695
1479425781963193961,-0.0157079640776
1479425774611897963,-0.146258586645
1479425734604717679,0.000698131695388
1479425781513158261,-0.0202458199113
1479425804467224189,0.486597794294
1479425786414038655,-0.117286127806
1479425744156401280,-0.315904587507
1479425826571165316,-0.255167141557
1479425781713256072,-0.0174532923847
1479425814669194519,0.0771435543895
1479425787664277133,-0.019547688216
1479425821970235024,-0.261101257801
1479425737005203089,0.0115191729739
1479425783563533970,-0.118682391942
1479425820220112532,-0.237713849544
1479425750557523607,0.00488692186773
1479425765660802715,-0.0328121904284
1479425770361241249,0.00174532923847
1479425806067556294,0.452738410234
1479425751557766826,0.0781907528639
1479425796065754807,0.467399173975
1479425798016081592,0.438426697255
1479425799416266426,0.415737432242
1479425763759783613,-0.0181514244526
1479425810568306369,0.424115008116
1479425747657014994,-0.284488677979
1479425731354320846,0.00174532923847
1479425807017664217,0.461115986109
1479425820970057435,-0.284488677979
1479425804017079589,0.491484713554
1479425814769098469,0.0589921288192
1479425755358371560,0.012566370517
1479425788564422387,0.0150098318234
1479425733404565237,0.00453785602003
1479425823870574337,-0.242600768805
1479425765710520066,-0.0282743338496
1479425799266238213,0.436332303286
1479425817769574160,-0.0432841651141
1479425739805712148,-0.134390354156
1479425731254238999,0.00174532923847
1479425734254780196,0.0
1479425795115630378,0.38641590476
1479425733104574254,0.00523598771542
1479425819519975218,-0.230732527375
1479425806567538493,0.471937030554
1479425826220982082,-0.301592898369
1479425775462137667,-0.103672558069
1479425769661143692,0.00174532923847
1479425795665723210,0.438077628613
1479425748457209682,-0.273318558931
1479425729903951700,0.00453785602003
1479425806967603029,0.457974392176
1479425778762768221,0.0104719754308
1479425758358896482,-0.0593411959708
1479425758108857659,-0.0356047168374
1479425768911019878,0.0
1479425738705559432,-0.0331612564623
1479425731604184971,0.00418879017234
1479425769611141005,0.00174532923847
1479425796565884815,0.450993084908
1479425778462670736,-0.0212930172682
1479425792865173394,0.418529957533
1479425801166626707,0.525344133377
1479425743706316695,-0.300196629763
1479425767360741283,-0.0265290044248
1479425817269411748,0.0153588978574
1479425818469687209,-0.0610865242779
1479425748357136300,-0.276111090184
1479425764110213039,-0.0129154363647
1479425767410859953,0.00663225129246
1479425759859236788,-0.0394444413483
1479425733254558124,0.00453785602003
1479425744356491196,-0.315904587507
1479425770761445309,0.0338593881577
1479425780613013438,0.0160570293665
1479425768860983236,-0.000698131695388
1479425739055562694,-0.0401425734162
1479425749507456967,-0.0712094336748
1479425741905999180,-0.311715805531
1479425782513352650,0.0069813169539
1479425761009426380,-0.045378562063
1479425778562588622,-0.0125663707033
1479425797165965266,0.410152369738
1479425758658953174,-0.0488692186773
1479425802717039268,0.341735464335
1479425775712206810,-0.108210414648
1479425800666546148,0.52185344696
1479425755758452712,0.00349065847695
1479425794365539666,0.491833782196
1479425750357540848,-0.00488692186773
1479425735204945906,-0.0219911489636
1479425790264710483,0.153938040137
1479425766410641396,-0.0506145469844
1479425806667595767,0.488692182302
