1479425745133649927,-0.259704995155
1479425760836411402,-0.041538836807
1479425800393610968,0.508239877224
1479425826398150672,-0.283092409372
1479425766987767825,-0.0506145469844
1479425790391844885,0.191637152434
1479425731531391005,0.00279252678156
1479425805394452510,0.41783182621
1479425793992515616,0.467748236656
1479425732631576609,-0.0104719754308
1479425754285367303,-0.00069813169539
1479425780390185215,0.00628318525851
1479425826148089905,-0.300545698404
1479425778239750196,-0.0230383466929
1479425763236978744,-0.0209439508617
1479425823397584906,-0.284837734699
1479425748134247093,-0.280998021364
1479425765737594944,-0.0282743338496
1479425782990626883,-0.0258308734745
1479425785741058124,-0.250629284978
1479425798843334739,0.420973420143
1479425743083331668,-0.312413930893
1479425746583953496,-0.312413930893
1479425783090544731,-0.0499164164066
1479425811595559004,0.47333329916
1479425785991086178,-0.2366666466
1479425770138271761,0.00523598771542
1479425739632691902,-0.122173050046
1479425809345151095,0.419926226139
1479425801443713145,0.528136622906
1479425744583614586,-0.323234975338
1479425795492749333,0.431096315384
1479425826248147088,-0.301592898369
1479425747084017810,-0.27750736475
1479425772539125918,-0.0767944902182
1479425805894541473,0.423765945435
1479425758336049319,-0.0593411959708
1479425759336194224,-0.0628318563104
1479425736232034486,-0.00418879017234
1479425794592612538,0.462861317396
1479425757735960767,-0.0226892810315
1479425819946975265,-0.242251703143
1479425744683630792,-0.331263488531
1479425801293865162,0.527089416981
1479425809245129544,0.430747258663
1479425811695558867,0.471937030554
1479425767987994836,-0.0111701073125
1479425826648228058,-0.232826918363
1479425747784171740,-0.284488677979
1479425823147565277,-0.303338229656
1479425770938441950,0.0485201537609
1479425799293550817,0.436332303286
1479425807794921701,0.485899657011
1479425803794161895,0.449596816302
1479425783290683630,-0.0785398155451
1479425802944069871,0.349763977528
1479425777439572213,-0.0771435528994
1479425753085141246,-0.00104719754309
1479425818496745729,-0.0610865242779
1479425736182030594,-0.00907571204004
1479425782490464299,0.0069813169539
1479425730931278086,0.00349065847695
1479425768538030344,-0.00349065847695
1479425760886440201,-0.041538836807
1479425777739677963,-0.0471238896251
1479425751434846477,0.0785398185253
1479425812895744271,0.225147470832
1479425747234128149,-0.274714815617
1479425802093855001,0.455879998207
1479425758636089630,-0.0488692186773
1479425740933095714,-0.24888395071
1479425788141453603,0.0621337227523
1479425743583387942,-0.290073722601
1479425756135653671,-0.00523598771542
1479425801843851560,0.470191705227
1479425792642261301,0.435285115242
1479425789241631033,0.0457276262343
1479425751084833503,0.0715584978461
1479425787391271228,-0.0237364780158
1479425736732205378,0.00977384373543
1479425762236784965,-0.0258308734744
1479425740283412809,-0.114842663706
1479425814646268239,0.0771435543895
1479425807894905184,0.48799405694
1479425757085811030,-0.00349065847695
1479425798343188831,0.419577157497
1479425736282128736,-0.00418879017234
1479425777389674849,-0.0890117913485
1479425738032603496,-0.00942477788774
1479425733831786857,0.00209439508617
1479425758185996661,-0.0356047168374
1479425751334748540,0.0767944902182
1479425781840363903,-0.0167551610619
1479425771288600969,-0.0453785613179
1479425763637043598,-0.0209439508617
1479425828448272789,-0.267035371065
1479425794042454422,0.493579113483
1479425810395308448,0.424464070797
1479425784490860962,-0.167551606894
1479425824747864489,-0.260752189159
1479425802844019442,0.316602724791
1479425763537060270,-0.0223402149975
1479425814296052143,0.0572468005121
1479425786141090224,-0.172438532114
1479425770088374713,0.00279252678156
1479425767337779653,-0.0265290044248
1479425782640607688,0.00558505356312
1479425804744401354,0.420624351501
1479425746083922384,-0.341735464335
1479425762186756567,-0.0268780708313
1479425766037610969,-0.0495673500001
1479425742033142240,-0.308923274279
1479425775189221857,-0.135786616802
1479425783490576869,-0.114842663706
1479425798793273832,0.434936046601
1479425808344981999,0.418879026175
1479425818946847222,-0.12077678591
1479425748534346232,-0.26354470849
1479425750134669819,-0.0181514244526
1479425791692128765,0.267384433747
1479425775089238526,-0.139277273417
1479425769688203775,0.00174532923847
1479425740182921730,-0.114842663706
1479425792992289289,0.416784626246
1479425779189875211,-0.0226892804727
1479425817896632844,-0.0544542729855
1479425789091717645,0.0251327417791
1479425807444836880,0.476823955774
1479425781890384406,-0.0167551610619
1479425812245692959,0.398982268572
1479425765387420192,-0.0446804299951
1479425807344755240,0.474031430483
1479425734481994286,0.000698131695388
1479425753735266863,-0.00523598771542
1479425758786118197,-0.0485201530159
1479425735232004662,-0.0219911489636
1479425813145860873,0.180117982626
1479425824097731133,-0.243647965789
1479425814346048064,0.0621337234974
1479425738582606406,-0.0331612564623
1479425823047573602,-0.315206468105
1479425785941148247,-0.2366666466
1479425758035968603,-0.0261799391359
1479425803544109660,0.428652864695
1479425803694208443,0.447851485014
1479425745983865449,-0.336848545075
1479425798893371495,0.420973420143
1479425799343473261,0.42516220808
1479425826948276852,-0.235619455576
1479425789191620030,0.0370009809732
1479425814596059768,0.0715584993362
1479425806994719359,0.457974392176
1479425789841769090,0.0589921288192
1479425777039549064,-0.0959931090474
1479425811995577111,0.414690232277
1479425781390262925,-0.0139626342803
1479425826498208407,-0.278554552793
1479425755335492265,0.012566370517
1479425747734192819,-0.284488677979
1479425751784858295,0.0436332307756
1479425774889091773,-0.140499003232
1479425744533562049,-0.323234975338
1479425783640761028,-0.120427720249
1479425820947189878,-0.284488677979
1479425766887711430,-0.0520108126104
1479425762636866249,-0.00767944864929
1479425819846935244,-0.231081590056
1479425753635152596,-0.00453785602003
1479425813245831973,0.191986218095
1479425739482653408,-0.0945968449116
1479425824147817190,-0.231779724359
1479425826198110952,-0.300545698404
1479425816446436075,-0.0272271364927
1479425825448026861,-0.256563401222
1479425816846516974,-0.0251327414065
1479425732731601652,-0.00383972432464
1479425807994929910,0.48310713172
1479425742333182714,-0.313810205459
1479425788791603965,0.0132645025849
1479425771438588671,-0.0380481772124
1479425793892438144,0.466002911329
1479425780290224899,0.0
1479425746533999368,-0.312413930893
1479425740482962189,-0.125663712621
1479425814045975314,0.0488692186773
1479425760236364565,-0.0178023587912
1479425802343858967,0.445058965683
1479425759436202776,-0.0628318563104
1479425782240469785,0.00418879017234
1479425793742398237,0.451691204309
1479425733181661001,0.00523598771542
1479425735482155815,-0.0209439512342
1479425785040888616,-0.251676481962
1479425825498080043,-0.256563401222
1479425747434070834,-0.280998009443
1479425759036212020,-0.0425860337913
1479425741983138619,-0.311715805531
1479425749284412794,-0.124616512656
1479425775989318465,-0.104719758034
1479425799393452868,0.42516220808
1479425751734829902,0.0436332307756
1479425806044595025,0.452738410234
1479425807044756963,0.461115986109
1479425777189577559,-0.0959931090474
1479425748634493784,-0.244695162773
1479425758486029145,-0.0544542729855
1479425798143249210,0.442266440391
1479425789291676512,0.0457276262343
1479425774489043815,-0.156381505728
1479425813595970087,0.164759081602
1479425786291315562,-0.146956720948
1479425765137449835,-0.0366519130766
1479425801793864558,0.470540767908
1479425786191143792,-0.172438532114
1479425798293196948,0.433888852596
1479425754385286015,0.00174532923847
1479425779239897921,-0.0411897696554
1479425769088115601,0.000698131695388
1479425753985311635,-0.00349065847695
1479425778439816084,-0.0212930172682
1479425750284641173,-0.0125663707033
1479425792392250262,0.432841652632
1479425815146139801,0.0328121908009
1479425779089925019,0.00104719754308
1479425731581346716,0.00279252678156
1479425739382686623,-0.0702495025471
1479425806794665559,0.488692182302
1479425795042714539,0.365122884512
1479425791342019500,0.270526021719
1479425813045797805,0.196524074674
1479425759386174384,-0.0628318563104
1479425795192695624,0.38641590476
1479425748984366003,-0.13997540772
1479425826548165449,-0.255167141557
1479425756185715642,-0.00523598771542
1479425792142148552,0.371406066418
1479425761486521289,-0.0380481779575
1479425818146685902,-0.0404916390777
1479425775939404751,-0.104719758034
1479425751934903254,0.00942477788776
1479425744383534040,-0.315904587507
1479425814446097370,0.0610865242779
1479425782840509403,-0.00802851468324
1479425740983026654,-0.24888395071
1479425737382355935,-0.018849556148
1479425765637530592,-0.0328121904284
1479425793792492516,0.451691204309
1479425782040413162,-0.0157079640776
1479425813945959406,0.0537561409175
1479425792192193523,0.371406066418
1479425824697869302,-0.271224164963
1479425735832191992,-0.0143116999418
1479425822447404032,-0.28029987812
1479425817446556674,-0.00523598771542
1479425790291821575,0.153938040137
1479425820597066585,-0.272271364927
1479425730831205405,0.00244346093386
1479425767237780514,-0.0397935077548
1479425794642600995,0.467050099373
1479425766937764900,-0.0506145469844
1479425824797860910,-0.260752189159
1479425820647146544,-0.271573227644
1479425754485195829,0.00174532923847
1479425740032836662,-0.128107170761
1479425825197909049,-0.24155356586
1479425770238313532,0.00453785602003
1479425774088954951,-0.168249738216
1479425770538378316,0.00174532923847
1479425772738839630,-0.103323490918
1479425763086918736,-0.0143989664502
1479425791642035281,0.267384433747
1479425744833619029,-0.302291023731
1479425824297714777,-0.212930169702
1479425800093598811,0.468097299337
1479425796493018205,0.457625329494
1479425803644200030,0.447851485014
1479425750184625250,-0.0181514244526
1479425822047364197,-0.261799395084
1479425827298285073,-0.229336258769
1479425761636672622,-0.0279252678156
1479425731881468095,0.0366519145667
1479425788741690496,0.0132645025849
1479425811945596034,0.414690232277
1479425782590506116,0.0069813169539
1479425797093139589,0.413992094993
1479425820797101191,-0.277507352829
1479425740832982155,-0.264591908455
1479425814246007951,0.0572468005121
1479425797993194644,0.444709897041
1479425762536866972,-0.0125663707033
1479425764737402013,-0.0314159274101
1479425787341431967,-0.0237364780158
1479425749934687399,-0.0198967538774
1479425756485739700,-0.00523598771542
1479425779690013877,-0.041538836062
1479425817296563062,0.0153588978574
1479425815496238297,-0.00907571222633
1479425749234427102,-0.124616512656
1479425758135985378,-0.0356047168374
1479425736082138344,-0.0122173046693
1479425783940728042,-0.14974924922
1479425782390433006,0.00802851449698
1479425784340800751,-0.167551606894
1479425797943108851,0.444709897041
1479425802994033909,0.349763977528
1479425812345742583,0.365471941233
1479425759286174973,-0.0607374593616
1479425735582139648,-0.016057029739
1479425778039678218,-0.0275762025267
1479425807194752283,0.466002911329
1479425827397928231,-0.226892799139
1479425790791999708,0.235270380974
1479425754735393671,0.0108210412785
1479425814696076588,0.0771435543895
1479425800343569710,0.508239877224
1479425802144015666,0.454832804203
1479425738932667955,-0.0349065855145
1479425765287454015,-0.0397935077548
1479425746683946304,-0.311366742849
1479425760186328394,-0.00279252678155
1479425824497804620,-0.241902634501
1479425787291379027,-0.0373500458896
1479425729831388501,0.0164060954004
1479425805194421594,0.427256596088
1479425817246565723,0.0153588978574
1479425804094236218,0.491484713554
1479425781990376800,-0.0157079640776
1479425777989647248,-0.0317649934441
1479425815896272247,0.047822021693
1479425737332335975,-0.018849556148
1479425811195471211,0.437728571892
1479425777139475822,-0.0959931090474
1479425778339726703,-0.0226892810315
1479425753335195000,0.00279252678156
1479425749734565243,-0.0209439508617
1479425806444668289,0.469493567944
1479425772988794252,-0.170344132185
1479425816796505487,-0.0212930168957
1479425735682082195,-0.0157079640776
1479425759686272408,-0.0607374586165
1479425757885916740,-0.0226892810315
1479425790141785504,0.124267445505
1479425790091830689,0.0921533852816
1479425732281599399,0.0495673507452
1479425763937273258,-0.0122173046693
1479425761436468655,-0.0380481779575
1479425810745438346,0.416086500883
1479425811895715257,0.425511270761
1479425816246379964,-0.00349065847694
1479425776889619902,-0.104370690882
1479425765237425606,-0.0397935077548
1479425786741204428,-0.0794124826789
1479425797793105368,0.460068786144
1479425750384608730,-0.00488692186773
1479425750234588643,-0.0125663707033
1479425752034969060,0.00139626339078
1479425813645977063,0.127758102119
1479425765887600109,-0.0349065847695
1479425771338524143,-0.0443313635886
1479425827948234224,-0.334754151106
1479425743983470065,-0.312413930893
1479425789141714419,0.0370009809732
1479425813195874558,0.180117982626
1479425796942956022,0.418180894852
1479425794892645882,0.431794458628
1479425763036898814,-0.0143989664502
1479425790591936004,0.253770881891
1479425781340382725,-0.0139626342803
1479425755386103304,0.012566370517
1479425776489448974,-0.116238926351
1479425754935488771,0.0174532931298
1479425811645620932,0.471937030554
1479425811495476142,0.46146504879
1479425824447850012,-0.241902634501
1479425763736946212,-0.0181514244526
1479425784690845221,-0.181863307953
1479425801543853612,0.515570259094
1479425797643085363,0.453785610199
1479425764437329460,-0.0279252678156
1479425811845580344,0.425511270761
1479425764237264441,-0.019198622182
1479425796742915642,0.429350996018
1479425797693072958,0.453785610199
1479425737782484474,-0.0178023587912
1479425818996822767,-0.12077678591
1479425759586223684,-0.0628318563104
1479425772638955077,-0.0785398185253
1479425820697056865,-0.271573227644
1479425822947501649,-0.341037333012
1479425772588787285,-0.0767944902182
1479425768088036954,-0.00523598771542
1479425820547180123,-0.272271364927
1479425770588382815,0.00174532923847
1479425735432021620,-0.0209439512342
1479425783190627972,-0.0649262495339
1479425771588535942,-0.0485201530159
1479425799193380487,0.429001927376
1479425742733305483,-0.312413930893
1479425820247058068,-0.237713849544
1479425749534467738,-0.0712094336748
1479425821247186594,-0.286233991385
1479425814146075591,0.0492182843387
1479425765687494319,-0.0328121904284
1479425787141367490,-0.0548033393919
1479425748034242250,-0.281347084045
1479425818346740685,-0.0429350994527
1479425742583277264,-0.312413930893
1479425785390948643,-0.254818081856
1479425736832263899,0.0104719754308
1479425730581104348,-0.00488692186772
1479425761986643687,-0.0272271364927
1479425808144967400,0.459719723463
1479425764637320938,-0.0279252678156
1479425755435542252,0.00872664619237
1479425800443730898,0.511730539799
1479425819046807278,-0.146607658267
1479425795642771188,0.438077628613
1479425752485046008,-0.0272271368653
1479425811395528447,0.449945878982
1479425780190054150,-0.0181514244526
1479425809745176330,0.424464070797
1479425763336936407,-0.0212930168957
1479425786841278229,-0.0694641038775
1479425746483889943,-0.315206462145
1479425755285514009,0.0139626339078
1479425803394082588,0.381528967619
1479425808945130458,0.418879026175
1479425786041059102,-0.213628298044
1479425746984011398,-0.280998009443
1479425803344185130,0.381528967619
1479425790692001583,0.248185819387
1479425789891790647,0.0589921288192
1479425764937386975,-0.0349065847695
1479425817546540868,-0.00767944864928
1479425732131473221,0.0593411952257
1479425784090756938,-0.153239914775
1479425759786372067,-0.0579449318349
1479425748834387796,-0.18116517663
1479425825648011095,-0.299847561121
1479425800593639258,0.521504378319
1479425780240050019,0.0
1479425803594196842,0.428652864695
1479425733031569261,0.00523598771542
1479425776189417335,-0.109606677294
1479425752134985595,-0.00593411941081
1479425822397458301,-0.27314402163
1479425796592895873,0.450993084908
1479425764187301772,-0.0129154363647
1479425780440123279,0.00837758034468
1479425815646414736,-0.0181514242664
1479425805444474772,0.409105175734
1479425805244434325,0.420624345541
1479425808745039778,0.417133688927
1479425734981994406,0.0
1479425819596973992,-0.230732527375
1479425737882404785,-0.00733038280159
1479425765187422130,-0.0366519130766
1479425781690288054,-0.0181514244526
1479425772888811448,-0.140324471891
1479425792742262721,0.423067814111
1479425780090038212,-0.0328121904284
1479425825898112965,-0.337546676397
1479425786391209932,-0.142767930031
1479425750984804302,0.0656243816018
1479425784740835661,-0.201410993934
1479425812195721553,0.409803301096
1479425806344677352,0.469493567944
1479425734882043881,0.0
1479425792942270445,0.416784626246
1479425804494448624,0.486597794294
1479425821547305983,-0.271922290325
1479425819496917003,-0.196524074674
1479425766737766427,-0.0523598790169
1479425774289119260,-0.109955742955
1479425793242277917,0.35046210885
1479425770638411806,0.00244346093386
1479425768138024992,-0.00523598771542
1479425760336537634,-0.0191986225545
1479425806544693286,0.471937030554
1479425753535170609,0.000698131695388
1479425777339525171,-0.0890117913485
1479425787941447732,0.0663225129247
1479425734031861815,0.00174532923847
1479425818596735730,-0.0872664630413
1479425805494519869,0.409105175734
1479425799243589697,0.436332303286
1479425822697834562,-0.319744318724
1479425754535353355,0.00174532923847
1479425825698021729,-0.299847561121
1479425826298136650,-0.301592898369
1479425806744651855,0.488692182302
1479425783540770899,-0.118682391942
1479425790891886676,0.233874118328
1479425815546406997,-0.0363028485328
1479425797843339352,0.462861311436
1479425730681186395,0.00418879017234
1479425792692291678,0.435285115242
1479425822847568912,-0.361632227898
1479425782940559461,-0.0258308734745
1479425809095141478,0.433539789915
1479425755785554026,0.00349065847695
1479425812945905778,0.220260551572
1479425788491507827,0.0254818074405
1479425777689659508,-0.0561996027827
1479425737482420585,-0.0209439508617
1479425744733636733,-0.329169094562
1479425747634227326,-0.284488677979
1479425800143702153,0.50963613987
1479425784640981131,-0.181863307953
1479425763887253644,-0.0146607659757
1479425738832652438,-0.0331612564623
1479425792792234136,0.423067814111
1479425805094614725,0.452040278912
1479425812495714465,0.307876086235
1479425759136164006,-0.050963614136
1479425738732619943,-0.0331612564623
1479425768938121385,0.0
1479425803144022186,0.367915409803
1479425798093146283,0.438426697255
1479425746283940016,-0.319395244122
1479425737282570431,-0.00663225110619
1479425750584646688,0.00488692186773
1479425785291073730,-0.255516207218
1479425789441706181,0.0530580103397
1479425769338194119,0.00174532923847
1479425815746275531,0.0324631240219
1479425768638130387,-0.00349065847695
1479425785891006676,-0.246789556742
1479425775389239516,-0.108559478819
1479425766787672285,-0.0523598790169
1479425793392347359,0.356396239996
1479425746933950690,-0.280998009443
1479425751534840041,0.0781907528639
1479425788891613418,0.0376991119236
1479425814746089713,0.0589921288192
1479425760986491123,-0.045378562063
1479425776289368308,-0.11344639957
1479425793842424056,0.466002911329
1479425772938799354,-0.170344132185
1479425770388334844,0.00174532923847
1479425737632450815,-0.0226892810315
1479425758886127876,-0.0460766926408
1479425766487640330,-0.0506145469844
1479425774939146512,-0.139626339078
1479425763686992145,-0.0209439508617
1479425754635495700,0.00453785602003
1479425787041253653,-0.0659734472633
1479425772788771094,-0.103323490918
1479425762036574491,-0.0275762021542
1479425794992671006,0.389208424091
1479425759186184482,-0.050963614136
1479425739132660017,-0.0401425734162
1479425799143401779,0.429001927376
1479425755635542332,0.00593411941081
1479425805794707783,0.410501432419
1479425828048202056,-0.312064874172
1479425788991646029,0.0328121904284
1479425817146591569,0.0202458193525
1479425770988456279,0.0485201537609
1479425766687680858,-0.0523598790169
1479425809295141214,0.430747258663
1479425808995092839,0.418879026175
1479425730031118702,-0.00977384373544
1479425802443942255,0.425511276722
1479425815996316634,0.0394444413483
1479425734731991410,0.0
1479425748884375924,-0.18116517663
1479425809845250885,0.425860345364
1479425788341561721,0.0345575198531
1479425828148251008,-0.291819047928
1479425734281873793,0.0
1479425791091976583,0.245044228435
1479425811345484172,0.449945878982
1479425766187551124,-0.0506145469844
1479425796242860438,0.490088450909
1479425794742656068,0.461115980148
1479425782740666788,0.00174532923847
1479425744333547944,-0.315904587507
1479425816596384183,-0.0230383466929
1479425823647648199,-0.233525052667
1479425773139012052,-0.189891824126
1479425755535509974,0.00767944864929
1479425771088456152,0.00872664656489
1479425771488622331,-0.0380481772124
1479425809195166181,0.446106159687
1479425798993406440,0.410501438379
1479425810695408109,0.423765939474
1479425789391645168,0.0506145469844
1479425767087761905,-0.0457276262343
1479425745733814774,-0.262497520447
1479425816196434423,0.0160570291802
1479425816046414328,0.0314159270376
1479425746433911307,-0.315206462145
1479425758236068366,-0.0544542729855
1479425811745630740,0.45169121027
1479425785440963093,-0.254818081856
1479425734931958294,0.0
1479425809595230748,0.422369688749
1479425809545210397,0.422369688749
1479425731431336479,0.00174532923847
1479425731831376416,0.0366519145667
1479425814096052747,0.0488692186773
1479425763787336228,-0.0181514244526
1479425773888965158,-0.176976379752
1479425731131320872,0.00209439508617
1479425818046695979,-0.0520108118653
1479425814796085808,0.0589921288192
1479425813995967791,0.0537561409175
1479425794692713013,0.467050099373
1479425743483382328,-0.303687292337
1479425774589143619,-0.15463617742
1479425805644524100,0.408057969809
1479425755585514053,0.00767944864929
1479425776739568198,-0.104719758034
1479425793292307015,0.35046210885
1479425755185490505,0.0157079640776
1479425730381154894,-0.0157079640776
1479425788841615801,0.0376991119236
1479425805144541784,0.427256596088
1479425822547503705,-0.291819047928
1479425820747164250,-0.277507352829
1479425768288078441,-0.00523598771542
1479425735532063349,-0.016057029739
1479425748734372482,-0.219562417269
1479425813295950471,0.191986218095
1479425734781930120,0.0
1479425820096990317,-0.245044228435
1479425760286395024,-0.0178023587912
1479425806244661908,0.464257580042
1479425776789507182,-0.104719758034
1479425753885592217,-0.00349065847695
1479425752585013914,-0.0331612564623
1479425786641230493,-0.0820304751396
1479425824397773480,-0.210486710071
1479425826598121927,-0.255167141557
1479425760086289073,0.0146607657894
1479425747184077494,-0.27750736475
1479425748484418676,-0.273318558931
1479425752935131835,-0.013962634094
1479425754085280446,-0.00349065847695
1479425804944452294,0.447851490974
1479425819446971079,-0.196524074674
1479425785540930251,-0.253421807289
1479425773038865102,-0.179419848323
1479425815196166865,0.0328121908009
1479425761336412888,-0.0429350987077
1479425737932434138,-0.00872664619237
1479425781540285150,-0.0202458199113
1479425757235849952,0.0
1479425752434998395,-0.0272271368653
1479425812045703914,0.413643032312
1479425823347569106,-0.284837734699
1479425785791081199,-0.250629284978
1479425801893817074,0.470191705227
1479425821897378553,-0.261799395084
1479425824947866374,-0.294611573219
1479425791392074510,0.270526021719
1479425828198222607,-0.291819047928
1479425731931409171,0.0603883937001
1479425827198270423,-0.235270383954
1479425733731773207,0.00453785602003
1479425821447251759,-0.280648946762
1479425762386791197,-0.0226892810315
1479425741283216162,-0.239459177851
1479425771988601636,-0.0610865257681
1479425767487843109,0.00663225129246
1479425826448108330,-0.278554552793
1479425819146791733,-0.170693197846
1479425767787858743,-0.00663225110619
1479425787791403832,0.0136135686189
1479425793492478778,0.36477381587
1479425740683045691,-0.169995069504
1479425747834233312,-0.284488677979
1479425742433160005,-0.313461136818
1479425756285733704,-0.00523598771542
1479425766387616585,-0.0506145469844
1479425735882107722,-0.0143116999418
1479425758586104655,-0.0499164156616
1479425750034565971,-0.0191986225545
1479425756335663958,-0.00523598771542
1479425818646812475,-0.102974426747
1479425756685728913,-0.00837758034468
1479425799893519215,0.449945878983
1479425759236180848,-0.0607374593616
1479425746633968500,-0.311366742849
1479425743333362550,-0.312064868212
1479425771038452609,0.00872664656489
1479425744033450893,-0.314508330822
1479425749684595598,-0.0338593881577
1479425822497485293,-0.28029987812
1479425779790048153,-0.0401425734162
1479425775789329306,-0.108210414648
1479425744933645213,-0.256563404202
1479425731631377311,0.00418879017234
1479425827248253856,-0.229336258769
1479425756385741733,-0.00523598771542
1479425745233677223,-0.259006863832
1479425826748230812,-0.23422318399
1479425746033839028,-0.341735464335
1479425738682608567,-0.0331612564623
1479425746183883706,-0.326376569271
1479425820497015285,-0.268431639671
1479425752084958145,0.00139626339078
1479425818696788930,-0.102974426747
1479425821397240774,-0.285186803341
1479425789591677895,0.054105207324
1479425785691081682,-0.254119944572
1479425757335841749,-0.00069813169539
1479425805044571300,0.452040278912
1479425780540214234,0.0115191729739
1479425787741408222,0.0136135686189
1479425761086458847,-0.045378562063
1479425734081792993,0.00174532923847
1479425734581955554,0.00174532923847
1479425782540624379,0.0069813169539
1479425752185023460,-0.00593411941081
1479425800293542886,0.52150439024
1479425795942845419,0.481012743711
1479425786791259116,-0.0794124826789
1479425768237943791,-0.00523598771542
1479425784240786416,-0.165806278587
1479425795092696049,0.365122884512
1479425733931830258,0.00174532923847
1479425778739850232,0.0104719754308
1479425810645363714,0.423765939474
1479425742233201667,-0.312413930893
1479425810245258247,0.423765939474
1479425734831926287,0.0
1479425818546744336,-0.0872664630413
1479425795892825109,0.476474887133
1479425799043427354,0.406312644481
1479425808795028512,0.417133688927
1479425827598117922,-0.219213354587
1479425820297030696,-0.237713849544
1479425754835414061,0.0178023591637
1479425762986937391,-0.0111701071262
1479425791542037559,0.267035365105
1479425752685107039,-0.0272271368653
1479425740232821826,-0.114842663706
1479425795392659979,0.437030434609
1479425776089394244,-0.104719758034
1479425761786588230,-0.0279252678156
1479425784440777804,-0.167551606894
1479425789341666382,0.0506145469844
1479425732181552210,0.0593411952257
1479425774139059283,-0.116937060654
1479425782890589268,-0.00802851468324
1479425788291451991,0.050963614136
1479425821497298009,-0.280648946762
1479425753285160026,0.00942477788773
1479425751884901474,0.0181514244526
1479425755135528035,0.0157079640776
1479425772338719846,-0.0767944902182
1479425744133500013,-0.315904587507
1479425776039324782,-0.104719758034
1479425813745925309,0.0973893716931
1479425797293001841,0.400727593899
1479425762486905972,-0.019198622182
1479425769138138234,0.00174532923847
1479425780790209660,0.0328121900558
1479425778489830526,-0.0212930172682
1479425752385522816,-0.0115191729739
1479425815696354447,-0.0181514242664
1479425816646429840,-0.0226892810315
1479425796292971665,0.490088450909
1479425776389426323,-0.114493596554
1479425752885128347,-0.0188495565205
1479425753235131548,0.00942477788773
1479425779990129823,-0.0363028474152
1479425756886322342,-0.00767944864929
1479425809145089194,0.446106159687
1479425738532555947,-0.0331612564623
1479425781940415665,-0.0157079640776
1479425816396369075,-0.0202458195388
1479425733681843381,0.00523598771542
1479425767838166199,-0.0153588980436
1479425749034396861,-0.116587993503
1479425734681889982,0.000698131695388
1479425754235276485,-0.00069813169539
1479425808494987127,0.416435557604
1479425821797354701,-0.261799395084
1479425813545888977,0.164759081602
1479425827098225874,-0.238761046529
1479425808845074979,0.417133688927
1479425809695232549,0.422369688749
1479425769938218213,0.00174532923847
1479425742683344103,-0.312413930893
1479425800543603944,0.521504378319
1479425749434526956,-0.107512281835
1479425823697681843,-0.233525052667
1479425813696040174,0.127758102119
1479425816096378096,0.0314159270376
1479425785141030132,-0.254469013214
1479425771938688248,-0.0610865257681
1479425807394843906,0.474031430483
1479425742083116291,-0.308923274279
1479425739332709638,-0.0702495025471
1479425822747518849,-0.351858377457
1479425823497579786,-0.24888395071
1479425744183504142,-0.315904587507
1479425771838704911,-0.0600393280387
1479425809045138705,0.433539789915
1479425778089692435,-0.0275762025267
1479425760636428846,-0.0195476882159
1479425816996500726,-0.0230383466929
1479425794342538528,0.491833782196
1479425737982405924,-0.00872664619237
1479425757135850793,-0.000349065847694
1479425804044294023,0.491484713554
1479425805344558386,0.41783182621
1479425818746760500,-0.104719758034
1479425739182705982,-0.0401425734162
1479425756235689286,-0.00523598771542
1479425817946695564,-0.0555014699698
1479425797042933070,0.413992094993
1479425797343022417,0.407010775804
1479425792042175829,0.334405082464
1479425771788668253,-0.0628318563104
1479425744433540446,-0.315904587507
1479425819196853602,-0.170693197846
1479425755935599971,-0.00418879017234
1479425737582374249,-0.0223402149975
1479425761236544743,-0.0443313628435
1479425749384596845,-0.123918381334
1479425827548024174,-0.219213354587
1479425810345405672,0.424464070797
1479425789641772407,0.0548033386469
1479425805594494868,0.406661719084
1479425764537331066,-0.0279252678156
1479425754185289090,-0.00349065847695
1479425796092849541,0.467399173975
1479425821747309964,-0.261799395084
1479425818096692621,-0.0520108118653
1479425751834848654,0.0181514244526
1479425782440422801,0.0069813169539
1479425742383197587,-0.313810205459
1479425812395634069,0.365471941233
1479425803044154774,0.375245785713
1479425795742780834,0.446106153727
1479425777589685671,-0.0684169068932
1479425768788094390,-0.00349065847695
1479425788641643963,0.00314159262925
1479425742983269822,-0.312413930893
1479425805944569077,0.448200547695
1479425801143700937,0.525344133377
1479425766587657677,-0.0516617462039
1479425753385135566,0.00279252678156
1479425784840941011,-0.215722697973
1479425738282552789,-0.0178023587912
1479425776939568599,-0.0998328313232
1479425778889838045,0.018849556148
1479425762836983262,-0.0104719754308
1479425757836013025,-0.0226892810315
1479425793192300003,0.370707935095
1479425773839060452,-0.176976379752
1479425794092494312,0.493579113483
1479425801943961065,0.466701036692
1479425775689231860,-0.107512283325
1479425816696413438,-0.0226892810315
1479425754885484025,0.0178023591637
1479425774639140347,-0.146258586645
1479425784040836606,-0.153239914775
1479425800843701759,0.523249721527
1479425796692946436,0.438775777817
1479425740632960526,-0.169995069504
1479425807244766738,0.46635197401
1479425803194055939,0.367915409803
1479425790641933846,0.248185819387
1479425801193696791,0.525344133377
1479425802744000026,0.341735464335
1479425817496579615,-0.00523598771542
1479425767937887494,-0.0111701073125
1479425764287270438,-0.019198622182
1479425821997422689,-0.261101257801
1479425792292171304,0.414690226316
1479425761186491945,-0.045378562063
1479425805294489132,0.420624345541
1479425732831606706,0.00488692186773
1479425743883480623,-0.309272348881
1479425755885620787,0.000698131695388
1479425764037258804,-0.0122173046693
1479425823247593016,-0.302291029692
1479425739932818699,-0.134390354156
1479425816496361034,-0.0272271364927
1479425811295456845,0.444709897041
1479425795142774352,0.38641590476
1479425749484514897,-0.107512281835
1479425786241134167,-0.146956720948
1479425733231668824,0.00453785602003
1479425740132931514,-0.114842663706
1479425817796644448,-0.0432841651141
1479425788941692513,0.0328121904284
1479425740082796475,-0.128107170761
1479425730081148517,-0.00977384373544
1479425742783270510,-0.312413930893
1479425789541781105,0.054105207324
1479425771238559347,-0.0453785613179
1479425737132363384,0.00488692186773
1479425803894181497,0.450993084908
1479425753935203965,-0.00349065847695
1479425763136966273,-0.0205948852003
1479425823297556108,-0.302291029692
1479425794442489493,0.467050105333
1479425764337290914,-0.0275762021542
1479425735382060714,-0.0272271364927
1479425738783231665,-0.0331612564623
1479425809945218740,0.425511276722
1479425783790653114,-0.128456237912
1479425766437670588,-0.0506145469844
1479425793942425278,0.467748236656
1479425810545348303,0.424115008116
1479425731281293009,0.00174532923847
1479425753035099869,-0.00104719754309
1479425752634989861,-0.0272271368653
1479425818396749536,-0.0429350994527
1479425802243895010,0.454483735561
1479425804844420836,0.419577157497
1479425785341030121,-0.254818081856
1479425739282665196,-0.0436332315206
1479425798743297779,0.434936046601
1479425815446228725,-0.00907571222633
1479425807744896765,0.485899657011
1479425757585886987,-0.0171042272821
1479425780040049282,-0.0328121904284
1479425796192841494,0.470191699266
1479425769488199449,0.00174532923847
1479425801343880986,0.528834760189
1479425773438938908,-0.221656814218
1479425825798016798,-0.318348056078
1479425745783779103,-0.262497520447
1479425730331103013,-0.0157079640776
1479425828498313000,-0.267035371065
1479425731231280938,0.00174532923847
1479425742833274667,-0.312413930893
1479425810945404210,0.414690232277
1479425796042837808,0.467399173975
1479425732081479474,0.0638790532947
1479425804894490423,0.419577157497
1479425827648218948,-0.247487688065
1479425825597986783,-0.271922290325
1479425770338357058,0.00174532923847
1479425807944953670,0.48310713172
1479425771388587847,-0.0443313635886
1479425802193870424,0.454832804203
1479425751684919113,0.070511302352
1479425745383739213,-0.245742362738
1479425730481172304,-0.014660766162
1479425739782819666,-0.134041288495
1479425815096127317,0.0411897696554
1479425734381840197,0.0
1479425745033711450,-0.247487688065
1479425744233516893,-0.316951793432
1479425777639624546,-0.0561996027827
1479425762436861797,-0.019198622182
1479425808245084006,0.433190715313
1479425800993688721,0.523598790169
1479425809645227882,0.422369688749
1479425734331846510,0.0
1479425807594844017,0.467399168014
1479425739232694130,-0.0436332315206
1479425746733993844,-0.308574217558
1479425783140577146,-0.0649262495339
1479425757936021389,-0.0226892810315
1479425739882794894,-0.134390354156
1479425823847640982,-0.242600768805
1479425799793569691,0.444709897041
1479425767537913759,0.0230383463204
1479425765587455908,-0.0432841658592
1479425811545608109,0.47333329916
1479425732581601200,0.0111701071262
1479425743683399604,-0.291819047928
1479425751184789433,0.0763581562788
1479425741633089467,-0.2754129529
1479425767887966144,-0.0153588980436
1479425799943557064,0.44924775362
1479425828298243054,-0.291120922565
1479425735331991504,-0.0272271364927
1479425800943718354,0.523598790169
1479425790441893198,0.237364777923
1479425803444105178,0.392699086666
1479425784990904296,-0.231779724359
1479425773638954988,-0.206297919154
1479425746133856242,-0.326376569271
1479425768187965427,-0.00523598771542
1479425818196738729,-0.0404916390777
1479425739032637432,-0.0401425734162
1479425798193139708,0.442266440391
1479425819696967685,-0.241902637482
1479425791992082441,0.324631243944
1479425759486234638,-0.0628318563104
1479425822247464975,-0.266686308384
1479425760536424467,-0.0191986225545
1479425786891350045,-0.0694641038775
1479425810595409959,0.424115008116
1479425780140003373,-0.0181514244526
1479425783690727473,-0.120427720249
1479425749084409907,-0.116587993503
1479425776339385694,-0.114493596554
1479425730781122615,0.00244346093386
1479425744883626051,-0.302291023731
1479425768338042954,-0.00523598771542
1479425790991978579,0.24155357182
1479425741383102557,-0.243298900128
1479425819796983910,-0.231430655718
1479425811145535593,0.437728571892
1479425773988950125,-0.183259576559
1479425809795220157,0.424464070797
1479425767137751154,-0.0401425734162
1479425738182561908,-0.012566370517
1479425818896846966,-0.10611602068
1479425744083562619,-0.314508330822
1479425768738271360,-0.00349065847695
1479425823947763841,-0.242600768805
1479425798243233928,0.433888852596
1479425757785927818,-0.0226892810315
1479425802043887757,0.455879998207
1479425819096854670,-0.146607658267
1479425802293874833,0.454483735561
1479425794542522516,0.462861317396
1479425806694834884,0.488692182302
1479425808545037983,0.414690232277
1479425821297193117,-0.286233991385
1479425793442345119,0.36477381587
1479425749334479011,-0.123918381334
1479425814996185254,0.0436332300305
1479425758286041255,-0.0544542729855
1479425741233082537,-0.239459177851
1479425776689492139,-0.106465086341
1479425740883062964,-0.264591908455
1479425814496055478,0.0610865242779
1479425772188618936,-0.0733038261533
1479425744983666876,-0.256563404202
1479425742633210049,-0.312413930893
1479425788391526595,0.0345575198531
1479425747884159177,-0.284488677979
1479425732481585355,0.0328121900558
1479425768988160209,0.0
1479425791892115666,0.316602724791
1479425804394295510,0.488692194223
1479425741333090521,-0.243298900128
1479425770488397178,0.00174532923847
1479425796142837986,0.470191699266
1479425746783973603,-0.308574217558
1479425789491796007,0.0530580103397
1479425748934357230,-0.13997540772
1479425735131926767,-0.00418879017233
1479425785641038070,-0.254119944572
1479425811095490807,0.424813139439
1479425814946148600,0.0436332300305
1479425784290767099,-0.165806278587
1479425827798175996,-0.318697118759
1479425733281706243,0.00453785602003
1479425741033017607,-0.239808243513
1479425742883287310,-0.312413930893
1479425764587311377,-0.0279252678156
1479425813845979414,0.0753982231021
1479425748184215836,-0.280998021364
1479425751584887079,0.0781907528639
1479425740583063848,-0.134041288495
1479425791141966121,0.259704989195
1479425776439472429,-0.116238926351
1479425789741674804,0.0558505356312
1479425815596159287,-0.0363028485328
1479425795592761661,0.4349360466
1479425778989896001,0.0167551608756
1479425820447084869,-0.268431639671
1479425769838260551,0.00174532923847
1479425740382966093,-0.123569314182
1479425816746471767,-0.0212930168957
1479425787191325031,-0.0548033393919
1479425795242692971,0.421671551466
1479425738982642033,-0.0349065855145
1479425808695005564,0.417133688927
1479425759086129538,-0.0425860337913
1479425822147348545,-0.262846583128
1479425766087627144,-0.0495673500001
1479425756935803275,-0.00453785602003
1479425805694628237,0.408057969809
1479425776539387932,-0.113097333908
1479425819546931602,-0.230732527375
1479425822197428631,-0.262846583128
1479425741133075183,-0.23911011219
1479425821647303081,-0.263195651769
1479425819997000117,-0.242251703143
1479425826098033078,-0.296705973148
1479425748234375623,-0.278903615475
1479425750434697676,0.00139626339078
1479425732031435213,0.0638790532947
1479425734181827026,0.000698131695388
1479425786591719891,-0.0865683302283
1479425822647436026,-0.319744318724
1479425758536085989,-0.0499164156616
1479425736532234728,0.00209439508617
1479425778639827433,0.00104719754308
1479425754035204586,-0.00349065847695
1479425780940206571,0.0443313628435
1479425771738526189,-0.0628318563104
1479425819646898677,-0.241902637482
1479425742283182582,-0.312413930893
1479425746383868407,-0.319395244122
1479425808445010427,0.416435557604
1479425737432338941,-0.0209439508617
1479425761386435076,-0.0429350987077
1479425783990846209,-0.14974924922
1479425768037896714,-0.00523598771542
1479425794842563087,0.431794458628
1479425819396903440,-0.180467051268
1479425777089614354,-0.0959931090474
1479425730731148035,0.00244346093386
1479425769238155797,0.00174532923847
1479425785240973849,-0.255516207218
1479425803494167066,0.392699086666
1479425730181075491,-0.0153588980436
1479425787591389732,-0.00279252678156
1479425779890016805,-0.0380481779575
1479425825948062248,-0.330216294527
1479425750934729260,0.0656243816018
1479425742133239219,-0.311017674208
1479425745683747383,-0.250629279017
1479425816296346175,-0.00349065847694
1479425775489184320,-0.103672558069
1479425783390622274,-0.100181899965
1479425788691634273,0.00314159262925
1479425738132542032,-0.012566370517
1479425805544567378,0.406661719084
1479425798443201107,0.436681377888
1479425764987417173,-0.0349065847695
1479425783740731996,-0.128456237912
1479425743183311455,-0.311366742849
1479425754985435744,0.0174532931298
1479425755485565539,0.00872664619237
1479425734231880292,0.0
1479425820347011694,-0.252025544643
1479425781140238965,0.0380481787026
1479425825398026878,-0.241902634502
1479425739682812545,-0.122173050046
1479425787841458819,0.05794493258
1479425769738302087,0.00174532923847
1479425756635705993,-0.00837758034468
1479425827148280459,-0.235270383954
1479425779139875468,-0.0226892804727
1479425824647770772,-0.271224164963
1479425742183166614,-0.311017674208
1479425743833448146,-0.309272348881
1479425769988264601,0.00174532923847
1479425750784750241,0.034906585142
1479425826848223907,-0.235619455576
1479425810045260452,0.422369688749
1479425809445155493,0.419228094816
1479425806094652075,0.452738410234
1479425798393205423,0.419577157497
1479425769538198984,0.00174532923847
1479425812445639347,0.307876086235
1479425733331677876,0.00383972432464
1479425758736069301,-0.0485201530159
1479425781740284020,-0.0174532923847
1479425787491324615,-0.00872664619237
1479425824997888714,-0.294611573219
1479425824897872589,-0.278903615475
1479425802693955021,0.390953749418
1479425821047172558,-0.283441472054
1479425753585251030,0.000698131695388
1479425780840182489,0.0478220209479
1479425823997727455,-0.242600768805
1479425806144631530,0.453436541557
1479425796392825583,0.481710875034
1479425761586688752,-0.0303687293083
1479425732231500530,0.0495673507452
1479425815346172665,0.012915436551
1479425735081923329,0.0
1479425778539746052,-0.0125663707033
1479425730981360394,0.00349065847695
1479425734431904523,0.000698131695388
1479425764137243404,-0.0129154363647
1479425784890864407,-0.215722697973
1479425788191478552,0.0621337227523
1479425764387246878,-0.0275762021542
1479425743033275176,-0.312413930893
1479425777289818935,-0.095644043386
1479425737082270520,0.0115191729739
1479425770888459070,0.0715584978461
1479425788091443339,0.0663225129247
1479425804444300102,0.486597794294
1479425753685316423,-0.00453785602003
1479425788041401161,0.0663225129247
1479425760736514890,-0.0275762025267
1479425742933347811,-0.312413930893
1479425748684313428,-0.244695162773
1479425733531792215,0.00523598771542
1479425777839739741,-0.038397243619
1479425813395845982,0.223402142525
1479425802644042602,0.390953749418
1479425821097169782,-0.283441472054
1479425731381449591,0.00174532923847
1479425735732081528,-0.0157079640776
1479425800643597178,0.52185344696
1479425753485169532,0.00174532923847
1479425736032170877,-0.0122173046693
1479425750734680960,0.034906585142
1479425741183046534,-0.23911011219
1479425815396258700,0.012915436551
1479425781790405517,-0.0174532923847
1479425769188152210,0.00174532923847
1479425760586503066,-0.0191986225545
1479425736882230171,0.0104719754308
1479425743633380256,-0.291819047928
1479425773939012518,-0.183259576559
1479425734131834353,0.000698131695388
1479425744783610792,-0.329169094562
1479425760136344503,-0.00279252678155
1479425750634730425,0.0143116997555
1479425754685338555,0.00453785602003
1479425814546019264,0.0715584993362
1479425824197786640,-0.231779724359
1479425763837170636,-0.0146607659757
1479425792442201053,0.444011765718
1479425812845827040,0.225147470832
1479425806194594787,0.453436541557
1479425750334657508,-0.00488692186773
1479425767737870502,-0.00663225110619
1479425733131596790,0.00523598771542
1479425821147231226,-0.285186803341
1479425802544000511,0.4153883636
1479425769638253568,0.00174532923847
1479425791742120962,0.284488672018
1479425820997178371,-0.284488677979
1479425817346561031,-0.000698131695392
1479425743783400457,-0.300196629763
1479425810145309706,0.422369688749
1479425784940885004,-0.231779724359
1479425781440230414,-0.0307177957147
1479425752985121808,-0.013962634094
1479425806844752919,0.469842636585
1479425756435682329,-0.00523598771542
1479425749884638236,-0.0209439508617
1479425772288726055,-0.0760963559151
1479425766137590621,-0.0506145469844
1479425758686082096,-0.0488692186773
1479425813095863355,0.196524074674
1479425828098307133,-0.312064874172
1479425752785130560,-0.0205948852003
1479425738882667586,-0.0331612564623
1479425799093367876,0.406312644481
1479425770738521162,0.0338593881577
1479425782140392538,-0.0118682388216
1479425741833163870,-0.313810193539
1479425753835279459,-0.00349065847695
1479425820397081704,-0.252025544643
1479425767637841003,0.0118682391941
1479425771138511988,-0.0265290044248
1479425812095595640,0.413643032312
1479425826898187114,-0.235619455576
1479425744483554432,-0.315904587507
1479425792242153664,0.414690226316
1479425732531508356,0.0111701071262
1479425762336789638,-0.0226892810315
1479425786441389196,-0.117286127806
1479425825097917294,-0.276809215546
1479425781490300073,-0.0307177957147
1479425775739319469,-0.108210414648
1479425759836271790,-0.0394444413483
1479425745933817008,-0.336848545075
1479425813895967925,0.0753982231021
1479425784790840511,-0.201410993934
1479425794192463042,0.535117959976
1479425799493399748,0.415737432242
1479425745633825989,-0.250629279017
1479425798493304008,0.436681377888
1479425731331364043,0.00174532923847
1479425747384210638,-0.276809221506
1479425786541266131,-0.0865683302283
1479425810095338710,0.422369688749
1479425818846786426,-0.10611602068
1479425795692778724,0.438077628613
1479425817996883174,-0.0555014699698
1479425773538997479,-0.230732521414
1479425795292640489,0.421671551466
1479425756835722475,-0.00767944864929
1479425736982361325,0.0115191729739
1479425809395118973,0.419926226139
1479425827497972976,-0.225496536493
1479425807844906225,0.48799405694
1479425741083096310,-0.239808243513
1479425731781440763,0.0122173048556
1479425783340602633,-0.100181899965
1479425817596564749,-0.00767944864928
1479425813345883406,0.223402142525
1479425823197598991,-0.303338229656
1479425803294209296,0.372104197741
1479425745083708689,-0.247487688065
1479425799743509779,0.444709897041
1479425803944154388,0.470540767908
1479425729981076760,0.00453785602003
1479425801493910810,0.528136622906
1479425763987174683,-0.0122173046693
1479425812145715418,0.409803301096
1479425790241871136,0.153938040137
1479425790841853220,0.233874118328
1479425741733074216,-0.296007841825
1479425804244309295,0.491484713554
1479425795442701617,0.431096315384
1479425797893117238,0.462861311436
1479425766637679928,-0.0523598790169
1479425767037777209,-0.0457276262343
1479425730231104826,-0.0157079640776
1479425757985961277,-0.0226892810315
1479425752284976449,-0.0069813169539
1479425804994450756,0.447851490974
1479425751634875726,0.070511302352
1479425798543308119,0.445495299995
1479425825347941720,-0.241902634502
1479425828248253788,-0.291120922565
1479425791192094048,0.259704989195
1479425810495366033,0.425860345364
1479425761686484330,-0.0279252678156
1479425771538527595,-0.0485201530159
1479425821947360623,-0.261101257801
1479425822297453937,-0.266686308384
1479425800493593970,0.511730539799
1479425794942662007,0.389208424091
1479425752234956152,-0.0069813169539
1479425751234786689,0.0767944902182
1479425774839149954,-0.140499003232
1479425805994513797,0.448200547695
1479425783240660358,-0.0785398155451
1479425772438812040,-0.0778416872025
1479425760036287882,0.0146607657894
1479425796842952076,0.424115008116
1479425737532339598,-0.0223402149975
1479425791242040728,0.270875090361
1479425820197467549,-0.237364783883
1479425748334278046,-0.276111090184
1479425774239069600,-0.109955742955
1479425738382529953,-0.0233874123543
1479425767187817371,-0.0401425734162
1479425759936263588,0.00523598771543
1479425737232324007,-0.00663225110619
1479425803844228521,0.450993084908
1479425826998277547,-0.235619455576
1479425798043162033,0.438426697255
1479425809895210569,0.425860345364
1479425732931614139,0.00523598771542
1479425735932196285,-0.0136135680601
1479425737032291778,0.0115191729739
1479425821347222987,-0.285186803341
1479425736382240208,-0.00349065847695
1479425825297962457,-0.227590930462
1479425811245520347,0.444709897041
1479425733781755359,0.00453785602003
1479425741583062498,-0.257610595226
1479425820897153958,-0.284139609337
1479425815246271974,0.0230383466929
1479425759886292458,-0.0394444413483
1479425760436508141,-0.0191986225545
1479425822347386632,-0.27314402163
1479425738632541681,-0.0331612564623
1479425779839989243,-0.0380481779575
1479425764887385607,-0.0345575191081
1479425733882107403,0.00209439508617
1479425778289767950,-0.0230383466929
1479425749784516113,-0.0209439508617
1479425790941877785,0.24155357182
1479425773088921114,-0.179419848323
1479425746833962531,-0.29461157918
1479425781290391083,0.028623399511
1479425824597825072,-0.276111090183
1479425808645101124,0.417133688927
1479425797543138887,0.473333293199
1479425810445375057,0.425860345364
1479425823897759331,-0.242600768805
1479425761536743000,-0.0303687293083
1479425825548211803,-0.271922290325
1479425760936449633,-0.045378562063
1479425762586826338,-0.0125663707033
1479425730281174632,-0.0157079640776
1479425739582723693,-0.106465084851
1479425736632243826,0.00733038280159
1479425734531970676,0.00174532923847
1479425808895153781,0.417133688927
1479425765987579510,-0.0415388360619
1479425744633599607,-0.331263488531
1479425757385856633,-0.00069813169539
1479425823797655163,-0.243647965789
1479425811795547772,0.45169121027
1479425825847981714,-0.337546676397
1479425764487296661,-0.0279252678156
1479425817046472345,-0.00663225129246
1479425783840691872,-0.138928207755
1479425763587053218,-0.0223402149975
1479425734631904933,0.000698131695388
1479425733581885041,0.00523598771542
1479425785591068332,-0.253421807289
1479425742533209715,-0.312413930893
1479425741433001652,-0.249233019352
1479425807494854330,0.476823955774
1479425785190987461,-0.254469013214
1479425826048069240,-0.296705973148
1479425769438230232,0.00174532923847
1479425750084622041,-0.0191986225545
1479425769038157536,0.000698131695388
1479425827898160870,-0.342782664299
1479425789041661672,0.0251327417791
1479425797743130348,0.460068786144
1479425791492058749,0.268780696392
1479425827998242547,-0.334754151106
1479425779740022518,-0.0401425734162
1479425778139707131,-0.0244346093386
1479425814396040965,0.0621337234974
1479425827347912456,-0.226892799139
1479425745433728777,-0.240506374836
1479425801693730583,0.486946862936
1479425792542152473,0.445757091045
1479425810995410715,0.414690232277
1479425812795791132,0.21502456665
1479425795992770333,0.481012743711
1479425776639506209,-0.106465086341
1479425735031977763,0.0
1479425827748260145,-0.318697118759
1479425754585331497,0.00174532923847
1479425773588879148,-0.230732521414
1479425761736615492,-0.0279252678156
1479425780640225076,0.0160570293665
1479425798643275574,0.437728565932
1479425779539924791,-0.0418879017234
1479425785491085113,-0.254818081856
1479425774389032763,-0.139277273417
1479425774339096202,-0.139277273417
1479425804694533956,0.450294947624
1479425747584161605,-0.28274333477
1479425826798210700,-0.23422318399
1479425747334117205,-0.276809221506
1479425779439900506,-0.0418879017234
1479425765437478747,-0.045378562063
1479425777239578461,-0.095644043386
1479425765337470815,-0.0446804299951
1479425781240207200,0.028623399511
1479425752535029604,-0.0331612564623
1479425774539110716,-0.15463617742
1479425751284750188,0.0767944902182
1479425799643502463,0.424464076757
1479425791442040705,0.268780696392
1479425827448059778,-0.225496536493
1479425773789018144,-0.17872171402
1479425786991220628,-0.0645771846175
1479425824847869856,-0.278903615475
1479425807294748580,0.46635197401
1479425731181393842,0.00209439508617
1479425748434343866,-0.273318558931
1479425758436054971,-0.0544542729855
1479425744283547588,-0.316951793432
1479425769788225481,0.00174532923847
1479425732681578448,-0.0104719754308
1479425766837699576,-0.0520108126104
1479425795792811845,0.446106153727
1479425806494627799,0.469493567944
1479425743383386072,-0.312064868212
1479425805744544079,0.410501432419
1479425762686910117,-0.00767944864929
1479425811045537763,0.424813139439
1479425790041806821,0.0921533852816
1479425736482173187,-0.00244346093386
1479425776239425518,-0.11344639957
1479425780890351601,0.0478220209479
1479425786691262456,-0.0820304751396
1479425750885316604,0.0565486684442
1479425740733020159,-0.233874121308
1479425786491189253,-0.117286127806
1479425736582264839,0.00209439508617
1479425738432575510,-0.0293215319514
1479425757285881886,0.0
1479425777789696032,-0.0471238896251
1479425741883234337,-0.313810193539
1479425750684760103,0.0143116997555
1479425797593110569,0.473333293199
1479425808394985139,0.418879026175
1479425749984589877,-0.0198967538774
1479425733381797942,0.00383972432464
1479425800243550270,0.52150439024
1479425807094724673,0.461115986109
1479425810295306307,0.423765939474
1479425790341863495,0.191637152434
1479425736332089422,-0.00349065847695
1479425808044996687,0.477871149778
1479425783590869077,-0.118682391942
1479425738232518743,-0.0178023587912
1479425800793725016,0.520108103752
1479425820847110236,-0.284139609337
1479425752835217505,-0.0188495565205
1479425812745746531,0.21502456665
1479425815046199398,0.0411897696554
1479425819746932843,-0.231430655718
1479425788441622641,0.0254818074405
1479425782790535282,0.00174532923847
1479425783440644218,-0.114842663706
1479425746233858185,-0.319395244122
1479425738482604174,-0.0293215319514
1479425799993530520,0.44924775362
1479425782290421913,0.00418879017234
1479425803744180380,0.449596816302
1479425810795321503,0.416086500883
1479425755035441315,0.0157079640776
1479425779489937572,-0.0418879017234
1479425809495177382,0.419228094816
1479425768487975084,-0.00488692186773
1479425739433089197,-0.0945968449116
1479425810895411376,0.413643032312
1479425747133995187,-0.27750736475
1479425746333939893,-0.319395244122
1479425737682393273,-0.0226892810315
1479425801393813691,0.528834760189
1479425763437041854,-0.0226892810315
1479425756535716032,-0.00628318525851
1479425791592069317,0.267035365105
1479425740433012936,-0.125663712621
1479425741533059276,-0.257610595226
1479425760486365393,-0.0191986225545
1479425745283766482,-0.259006863832
1479425801643825366,0.486946862936
1479425758836111578,-0.0460766926408
1479425778939803870,0.0167551608756
1479425791042001119,0.245044228435
1479425768688105702,-0.00349065847695
1479425779390003434,-0.0422369673848
1479425762736912620,-0.00907571204006
1479425758386101970,-0.0593411959708
1479425762786892018,-0.00907571204006
1479425747484162303,-0.280998009443
1479425756035717376,-0.00523598771542
1479425791842081025,0.316602724791
1479425757636008195,-0.0223402149975
1479425765937584394,-0.0415388360619
1479425741783841035,-0.296007841825
1479425751384906004,0.0767944902182
1479425768388057366,-0.00523598771542
1479425807144753431,0.466002911329
1479425780690204952,0.0160570293665
1479425736782248217,0.00977384373543
1479425799443478810,0.415737432242
1479425810845497628,0.413643032312
1479425784540887331,-0.171042263508
1479425732381612326,0.0408407047391
1479425824547821866,-0.276111090183
1479425746883971463,-0.29461157918
1479425749584533805,-0.0712094336748
1479425818296733405,-0.0366519130766
1479425823447669041,-0.24888395071
1479425822797535538,-0.351858377457
1479425732331526451,0.0408407047391
1479425794242492728,0.524995040894
1479425732881578299,0.00488692186773
1479425731681351996,0.00418879017234
1479425781040167233,0.0380481787026
1479425776839547209,-0.104370690882
1479425772488784207,-0.0778416872025
1479425779289921878,-0.0411897696554
1479425745183799696,-0.259704995155
1479425748084234594,-0.281347084045
1479425748384315750,-0.276111090184
1479425824047700331,-0.243647965789
1479425804294347119,0.491484713554
1479425733081577840,0.00523598771542
1479425768438094195,-0.00488692186773
1479425772688756457,-0.0785398185253
1479425773738973560,-0.17872171402
1479425812995754388,0.220260551572
1479425759736232318,-0.0579449318349
1479425729931106688,0.00453785602003
1479425807544801667,0.467399168014
1479425762087254404,-0.0275762021542
1479425807644809605,0.470540761948
1479425817396558214,-0.000698131695392
1479425811445561735,0.46146504879
1479425775539247502,-0.104021622241
1479425775839279503,-0.106465086341
1479425759636265360,-0.0607374586165
1479425745483782545,-0.240506374836
1479425787241273752,-0.0373500458896
1479425781090187676,0.0380481787026
1479425736132131232,-0.00907571204004
1479425757535861160,-0.0171042272821
1479425827048241564,-0.238761046529
1479425756585736618,-0.00628318525851
1479425796993046960,0.418180894852
1479425778389817780,-0.0226892810315
1479425760386406844,-0.0191986225545
1479425793692408261,0.409105175734
1479425773338925510,-0.204203519225
1479425732981578186,0.00523598771542
1479425731031243212,0.00349065847695
1479425792492198350,0.444011765718
1479425818796882386,-0.104719758034
1479425731481355342,0.00174532923847
1479425783040563676,-0.0499164164066
1479425788591585758,0.0150098318234
1479425772138666463,-0.0733038261533
1479425766237682149,-0.0506145469844
1479425735632058854,-0.0157079640776
1479425801593756148,0.515570259094
1479425794792610293,0.461115980148
1479425808294975991,0.433190715313
1479425802594015737,0.4153883636
1479425745883814394,-0.293215316534
1479425739732802043,-0.134041288495
1479425808595073538,0.414690232277
1479425755235506691,0.0139626339078
1479425742483241481,-0.313461136818
1479425769588161036,0.00174532923847
1479425793042283022,0.399331337214
1479425801093741075,0.523947858811
1479425761886558739,-0.0275762021542
1479425740332874261,-0.123569314182
1479425802894015005,0.316602724791
1479425741483104801,-0.249233019352
1479425795342703139,0.437030434609
1479425791292021287,0.270875090361
1479425763186956849,-0.0205948852003
1479425778189728306,-0.0244346093386
1479425749634529848,-0.0338593881577
1479425781640362564,-0.0181514244526
1479425731981507145,0.0603883937001
1479425766337641036,-0.0506145469844
1479425820147104338,-0.237364783883
1479425780590410331,0.0115191729739
1479425801994000988,0.466701036692
1479425780490099295,0.00837758034468
1479425814196091489,0.0492182843387
1479425768838150758,-0.000698131695388
1479425750834723441,0.0565486684442
1479425754335279733,0.00174532923847
1479425808194902646,0.459719723463
1479425762886883961,-0.0104719754308
1479425804594707067,0.474380493164
1479425738082507391,-0.00942477788774
1479425761286532886,-0.0443313628435
1479425793092262534,0.399331337214
1479425753135151751,0.00907571204005
1479425794492594831,0.467050105333
1479425770438326933,0.00174532923847
1479425787541363353,-0.00279252678156
1479425793142364829,0.370707935095
1479425761036491424,-0.045378562063
1479425733981797029,0.00174532923847
1479425800743690012,0.520108103752
1479425748284275372,-0.278903615475
1479425747033987758,-0.27750736475
1479425740782975664,-0.233874121308
1479425782090873525,-0.0157079640776
1479425769288104637,0.00174532923847
1479425817097075409,-0.00663225129246
1479425730431228626,-0.014660766162
1479425772388793048,-0.0767944902182
1479425826348161754,-0.283092409372
1479425765787589343,-0.0282743338496
1479425786091100897,-0.213628298044
1479425787091278564,-0.0659734472633
1479425813795945189,0.0973893716931
1479425771888605927,-0.0600393280387
1479425731081296618,0.00349065847695
1479425772088629999,-0.0652753159404
1479425764837448433,-0.0345575191081
1479425774789163762,-0.141720733046
1479425754785454836,0.0108210412785
1479425774189009656,-0.116937060654
1479425800043596244,0.468097299337
1479425798593329917,0.445495299995
1479425802493893077,0.425511276722
1479425812545764096,0.243647965789
1479425737732365059,-0.0178023587912
1479425803244092166,0.372104197741
1479425799543462665,0.417133694887
1479425755835547437,0.000698131695388
1479425797243149080,0.400727593899
1479425758986151045,-0.0418879017234
1479425761136512262,-0.045378562063
1479425736932334382,0.0115191729739
1479425787891399472,0.05794493258
1479425760786422578,-0.0275762025267
1479425808094968627,0.477871149778
1479425819896970042,-0.231081590056
1479425773288831808,-0.19582594037
1479425776139344715,-0.109606677294
1479425773388831569,-0.204203519225
1479425813445921251,0.213279232383
1479425785841122132,-0.246789556742
1479425778789792597,0.0104719754308
1479425798693378905,0.437728565932
1479425821197245277,-0.285186803341
1479425748584307553,-0.26354470849
1479425799843486182,0.449945878983
1479425775889365863,-0.106465086341
1479425816896453480,-0.0251327414065
1479425778589776747,-0.0125663707033
1479425747934182253,-0.283790540695
1479425822897560430,-0.361632227898
1479425809995283319,0.425511276722
1479425787991374716,0.0663225129247
1479425735782218625,-0.0157079640776
1479425733431638919,0.00453785602003
1479425805844547612,0.423765945435
1479425775139175312,-0.135786616802
1479425745533803419,-0.244346097112
1479425816346386245,-0.0202458195388
1479425754135313319,-0.00349065847695
1479425794292603818,0.524995040894
1479425790191770542,0.124267445505
1479425823547589789,-0.228289061785
1479425776589537182,-0.113097333908
1479425767287856049,-0.0397935077548
1479425778839862197,0.018849556148
1479425736682340169,0.00733038280159
1479425777489673149,-0.0771435528994
1479425827848182261,-0.342782664299
1479425767437838838,0.00663225129246
1479425750484646854,0.00139626339078
1479425816546474954,-0.0230383466929
1479425781190310860,0.0380481787026
1479425745583848397,-0.244346097112
1479425779940047823,-0.0363028474152
1479425788241566674,0.050963614136
1479425797443091412,0.461115986109
1479425755985648597,-0.00418879017234
1479425795542768599,0.4349360466
1479425801043688410,0.523947858811
1479425757485890527,-0.00453785602003
1479425802393893859,0.445058965683
1479425789941734374,0.0680678412318
1479425775339273191,-0.108559478819
1479425816146385901,0.0160570291802
1479425765087402990,-0.0366519130766
1479425822097406966,-0.261799395084
1479425759986301947,0.00523598771543
1479425787441355775,-0.00872664619237
1479425751034739716,0.0715584978461
1479425791942147083,0.324631243944
1479425741683072016,-0.2754129529
1479425765487549468,-0.045378562063
1479425775039257629,-0.139277273417
1479425815846419486,0.047822021693
1479425781590383648,-0.0202458199113
1479425792342252578,0.432841652632
1479425730881207333,0.00244346093386
1479425762936962086,-0.0111701071262
1479425812695735348,0.209439516068
1479425735281982517,-0.0219911489636
1479425730131106872,-0.0153588980436
1479425812645739580,0.209439516068
1479425772238797890,-0.0760963559151
1479425802794015534,0.341735464335
1479425793592515652,0.382925242186
1479425770788469260,0.0338593881577
1479425758936120401,-0.0418879017234
1479425754435370069,0.00174532923847
1479425806644722784,0.488692182302
1479425770838391905,0.0715584978461
1479425749134457958,-0.11588986069
1479425824247749745,-0.212930169702
1479425786941217299,-0.0645771846175
1479425777939643515,-0.0317649934441
1479425780990254206,0.0443313628435
1479425792092101759,0.334405082464
1479425779039935619,0.00104719754308
1479425825748008068,-0.318348056078
1479425763387055237,-0.0212930168957
1479425772038732934,-0.0652753159404
1479425743533374605,-0.290073722601
1479425761936628881,-0.0272271364927
1479425817646562451,-0.0216420829296
1479425766537682075,-0.0516617462039
1479425735181958300,-0.00418879017233
1479425739832900771,-0.134390354156
1479425793342348452,0.356396239996
1479425788541549734,0.0150098318234
1479425779640048810,-0.041538836062
1479425767587921067,0.0230383463204
1479425773688921263,-0.206297919154
1479425743733431477,-0.300196629763
1479425770688355512,0.00244346093386
1479425789691739322,0.0548033386469
1479425733481700541,0.00453785602003
1479425803094097096,0.375245785713
1479425741933075671,-0.311715805531
1479425825247922724,-0.227590930462
1479425750534754170,0.00488692186773
1479425825998052575,-0.330216294527
1479425774739119337,-0.141720733046
1479425765037407467,-0.0366519130766
1479425806394580204,0.469493567944
1479425774989155567,-0.139626339078
1479425797192981746,0.410152369738
1479425739982879989,-0.134390354156
1479425815796382974,0.0324631240219
1479425817746554112,-0.0432841651141
1479425783890705667,-0.138928207755
1479425796342922504,0.481710875034
1479425799693475081,0.424464076757
1479425794142420235,0.535117959976
1479425749834521893,-0.0209439508617
1479425806894710056,0.469842636585
1479425789991836970,0.0680678412318
1479425756785835308,-0.00872664619237
1479425737832537394,-0.00733038280159
1479425771638619447,-0.0624827899039
1479425823747628939,-0.243647965789
1479425825147878724,-0.24155356586
1479425729881120069,0.0164060954004
1479425762286804303,-0.0258308734744
1479425818246842936,-0.0366519130766
1479425756985818452,-0.00453785602003
1479425743933439319,-0.312413930893
1479425767687912794,0.0118682391941
1479425743283371357,-0.311715805531
1479425745833811294,-0.293215316534
1479425779339877727,-0.0422369673848
1479425807694945636,0.470540761948
1479425823097576818,-0.315206468105
1479425797142994291,0.410152369738
1479425753435090091,0.00174532923847
1479425753785245050,-0.00523598771542
1479425799593500028,0.417133694887
1479425774689099133,-0.146258586645
1479425755685551488,0.00593411941081
1479425755735571842,0.00349065847695
1479425804144278915,0.499513238668
1479425731731373454,0.0122173048556
1479425732781628819,-0.00383972432464
1479425771188501915,-0.0265290044248
1479425790541851205,0.253770881891
1479425810195275677,0.422369688749
1479425782340576499,0.00802851449698
1479425751484800437,0.0785398185253
1479425826698173880,-0.232826918363
1479425817696640447,-0.0216420829296
1479425791792102850,0.284488672018
1479425732431519171,0.0328121900558
1479425790491917765,0.237364777923
1479425796793032136,0.429350996018
1479425743233310160,-0.311715805531
1479425777889672661,-0.038397243619
1479425764087176665,-0.0122173046693
1479425730631138780,0.00418879017234
1479425779589971423,-0.0418879017234
1479425749184404967,-0.11588986069
1479425800893736420,0.523249721527
1479425780340112880,0.00628318525851
1479425792592387569,0.445757091045
1479425759536299510,-0.0628318563104
1479425758086053368,-0.0261799391359
1479425778689801721,0.00104719754308
1479425752735178234,-0.0205948852003
1479425773188898304,-0.189891824126
1479425813495913987,0.213279232383
1479425784140774917,-0.158126834035
1479425789791772167,0.0558505356312
1479425806944714249,0.457974392176
1479425775589329495,-0.104021622241
1479425775639297553,-0.107512283325
1479425747534257683,-0.28274333477
1479425814896189358,0.043982296437
1479425790741888543,0.235270380974
1479425775289212454,-0.124267445505
1479425803994250793,0.470540767908
1479425733631721011,0.00523598771542
1479425748784447028,-0.219562417269
1479425828398359544,-0.280299884081
1479425806294603017,0.464257580042
1479425756735700536,-0.00872664619237
1479425775239159732,-0.124267445505
1479425792892272189,0.418529957533
1479425755085528638,0.0157079640776
1479425798943366722,0.410501438379
1479425768888098375,-0.000698131695388
1479425822597553736,-0.291819047928
1479425767387840073,-0.0265290044248
1479425735982145112,-0.0136135680601
1479425804194201179,0.499513238668
1479425822997585504,-0.341037333012
1479425739532746338,-0.106465084851
1479425753185189484,0.00907571204005
1479425823597633133,-0.228289061785
1479425815946436212,0.0394444413483
1479425804794420860,0.420624351501
1479425812295622592,0.398982268572
1479425765837545098,-0.0349065847695
1479425757035822731,-0.00349065847695
1479425773488930446,-0.221656814218
1479425751984919832,0.00942477788776
1479425765537496724,-0.0432841658592
1479425774039006873,-0.168249738216
1479425804544376479,0.474380493164
1479425775439213851,-0.103672558069
1479425770188349093,0.00523598771542
1479425771688607399,-0.0624827899039
1479425793542414001,0.382925242186
1479425819246862002,-0.179070782661
1479425739082661555,-0.0401425734162
1479425820046999221,-0.245044228435
1479425821847288437,-0.261799395084
1479425784590884546,-0.171042263508
1479425817196551877,0.0202458193525
1479425801743892175,0.470540767908
1479425752334991058,-0.0115191729739
1479425819346820824,-0.180467051268
1479425825047868708,-0.276809215546
1479425769388162785,0.00174532923847
1479425777539636964,-0.0684169068932
1479425757435870949,-0.00453785602003
1479425760686456554,-0.0195476882159
1479425747984260843,-0.283790540695
1479425784190779117,-0.158126834035
1479425766287613682,-0.0506145469844
1479425817846644469,-0.0544542729855
1479425814846154027,0.043982296437
1479425804644450054,0.450294947624
1479425737182306056,0.00488692186773
1479425782190423833,-0.0118682388216
1479425800693661467,0.52185344696
1479425769888292636,0.00174532923847
1479425774439087903,-0.156381505728
1479425821597283633,-0.271922290325
1479425784390785671,-0.167551606894
1479425773239017261,-0.19582594037
1479425793642372920,0.409105175734
1479425796892999487,0.424115008116
1479425806594850625,0.471937030554
1479425730531147589,-0.00488692186772
1479425764687322953,-0.0279252678156
1479425796442914635,0.457625329494
1479425780740216120,0.0328121900558
1479425747284090709,-0.274714815617
1479425756085690203,-0.00523598771542
1479425736432156508,-0.00244346093386
1479425800193531742,0.50963613987
1479425812595687264,0.243647965789
1479425801243737958,0.527089416981
1479425815296171887,0.0230383466929
1479425776989511543,-0.0998328313232
1479425816946474873,-0.0230383466929
1479425796542914429,0.450993084908
1479425792842353301,0.418529957533
1479425797393072009,0.407010775804
1479425762136735627,-0.0268780708313
1479425738332544911,-0.0233874123543
1479425763286932121,-0.0209439508617
1479425761837075098,-0.0275762021542
1479425795842785182,0.476474887133
1479425768588017576,-0.00349065847695
1479425743133425582,-0.311366742849
1479425827698260223,-0.247487688065
1479425787691343792,-0.019547688216
1479425764787380148,-0.0314159274101
1479425785091465146,-0.251676481962
1479425796642906046,0.438775777817
1479425804344344512,0.488692194223
1479425824347847328,-0.210486710071
1479425763486965699,-0.0226892810315
1479425751134789572,0.0763581562788
1479425819296882629,-0.179070782661
1479425743433392070,-0.303687292337
1479425770038255560,0.00279252678156
1479425828348249420,-0.280299884081
1479425797493071821,0.461115986109
1479425772838887379,-0.140324471891
1479425770288316375,0.00453785602003
1479425745333829592,-0.245742362738
1479425794392588251,0.491833782196
1479425747684196316,-0.284488677979
1479425757685931998,-0.0223402149975
1479425757185834984,-0.000349065847694
1479425821697359851,-0.263195651769
1479425740532965361,-0.134041288495
1479425818446774260,-0.0610865242779
1479425787641405430,-0.019547688216
1479425782690496506,0.00558505356312
1479425786341146619,-0.142767930031
