1479425749612535811,-0.0338593881577
1479425739410784260,-0.0945968449116
1479425787619467272,-0.019547688216
1479425796821106697,0.424115008116
1479425739160779437,-0.0401425734162
1479425803122434065,0.367915409803
1479425809923366933,0.425511276722
1479425799671635992,0.424464076757
1479425799571595293,0.417133694887
1479425782718644255,0.00174532923847
1479425828176404514,-0.291819047928
1479425796871266342,0.424115008116
1479425809873387528,0.425860345364
1479425823583084596,-0.228289061785
1479425748265222198,-0.278903615475
1479425759164301369,-0.050963614136
1479425805872693309,0.423765945435
1479425823925837887,-0.242600768805
1479425775117336643,-0.135786616802
1479425763515056196,-0.0223402149975
1479425811775250503,0.45169121027
1479425816074461258,0.0314159270376
1479425796470988877,0.457625329494
1479425820325240910,-0.252025544643
1479425819025121362,-0.146607658267
1479425750062989397,-0.0191986225545
1479425764265394263,-0.019198622182
1479425760614465624,-0.0195476882159
1479425753963249755,-0.00349065847695
1479425761914724445,-0.0272271364927
1479425743811518561,-0.309272348881
1479425779117998180,-0.0226892804727
1479425780368195689,0.00628318525851
1479425730959343730,0.00349065847695
1479425785269018744,-0.255516207218
1479425744161540801,-0.315904587507
1479425779618013323,-0.041538836062
1479425768266096780,-0.00523598771542
1479425786220920974,-0.146956720948
1479425789769875603,0.0558505356312
1479425811173589141,0.437728571892
1479425775767486614,-0.108210414648
1479425807773048984,0.485899657011
1479425740911116444,-0.24888395071
1479425776167411869,-0.109606677294
1479425774367162529,-0.139277273417
1479425760014491812,0.0146607657894
1479425813323972774,0.223402142525
1479425819625138543,-0.241902637482
1479425809623261356,0.422369688749
1479425805122486447,0.427256596088
1479425826076243729,-0.296705973148
1479425772071313597,-0.0652753159404
1479425742211236039,-0.312413930893
1479425745061788364,-0.247487688065
1479425819975155922,-0.242251703143
1479425797421220055,0.461115986109
1479425799921680601,0.44924775362
1479425769866354907,0.00174532923847
1479425785769173212,-0.250629284978
1479425747012018399,-0.27750736475
1479425756313690344,-0.00523598771542
1479425733409737427,0.00453785602003
1479425796721156342,0.429350996018
1479425796221001977,0.490088450909
1479425757463954815,-0.00453785602003
1479425813023883517,0.196524074674
1479425758514176256,-0.0499164156616
1479425732359545092,0.0408407047391
1479425804322332936,0.488692194223
1479425802071998729,0.455879998207
1479425778267865362,-0.0230383466929
1479425817324724501,-0.000698131695392
1479425791970230550,0.324631243944
1479425814874276124,0.043982296437
1479425786119192867,-0.172438532114
1479425808473145637,0.416435557604
1479425752713077031,-0.0205948852003
1479425747462136107,-0.280998009443
1479425752263024941,-0.0069813169539
1479425731859489076,0.0366519145667
1479425736310292789,-0.00349065847695
1479425783918797110,-0.14974924922
1479425759664316732,-0.0607374586165
1479425778068029764,-0.0275762025267
1479425767765972364,-0.00663225110619
1479425748212343117,-0.278903615475
1479425740961087829,-0.24888395071
1479425790920008030,0.24155357182
1479425778367873378,-0.0226892810315
1479425788569702459,0.0150098318234
1479425814374195562,0.0621337234974
1479425742661321070,-0.312413930893
1479425793420491496,0.36477381587
1479425827576242550,-0.219213354587
1479425743161377143,-0.311366742849
1479425796023296377,0.467399173975
1479425736060182907,-0.0122173046693
1479425752463114627,-0.0272271368653
1479425797321212296,0.407010775804
1479425791870181770,0.316602724791
1479425734809977238,0.0
1479425797571240347,0.473333293199
1479425756713836956,-0.00872664619237
1479425786269237663,-0.146956720948
1479425781568356774,-0.0202458199113
1479425738160611754,-0.012566370517
1479425795170794226,0.38641590476
1479425794520678830,0.462861317396
1479425779468018097,-0.0418879017234
1479425787119370676,-0.0548033393919
1479425769916309944,0.00174532923847
1479425755013472697,0.0157079640776
1479425820925387194,-0.284488677979
1479425809323229627,0.419926226139
1479425817974808650,-0.0555014699698
1479425787819540928,0.05794493258
1479425735960216008,-0.0136135680601
1479425792820322762,0.418529957533
1479425798671368654,0.437728565932
1479425740610986447,-0.169995069504
1479425735310074320,-0.0272271364927
1479425817724797394,-0.0432841651141
1479425826526282201,-0.255167141557
1479425824327336410,-0.210486710071
1479425821125378524,-0.285186803341
1479425735860117985,-0.0143116999418
1479425780718182885,0.0328121900558
1479425748762403307,-0.219562417269
1479425762564973038,-0.0125663707033
1479425826276358909,-0.301592898369
1479425776817594865,-0.104370690882
1479425798871466485,0.420973420143
1479425813073945081,0.196524074674
1479425785119097339,-0.254469013214
1479425729859224060,0.0164060954004
1479425815174415786,0.0328121908009
1479425737210364420,-0.00663225110619
1479425773266985480,-0.19582594037
1479425782168486412,-0.0118682388216
1479425814475391504,0.0610865242779
1479425825526112344,-0.271922290325
1479425759214223894,-0.0607374593616
1479425825276063833,-0.227590930462
1479425799471546908,0.415737432242
1479425730859303454,0.00244346093386
1479425815224336929,0.0230383466929
1479425774067057189,-0.168249738216
1479425765721408043,-0.0282743338496
1479425804122317357,0.499513238668
1479425758314717744,-0.0593411959708
1479425736010162737,-0.0122173046693
1479425749012521528,-0.116587993503
1479425814424244319,0.0610865242779
1479425827926363362,-0.334754151106
1479425762264842337,-0.0258308734744
1479425782068462156,-0.0157079640776
1479425745961837135,-0.336848545075
1479425751462855254,0.0785398185253
1479425769266209367,0.00174532923847
1479425808123069016,0.459719723463
1479425767465968242,0.00663225129246
1479425732659593852,-0.0104719754308
1479425793570562685,0.382925242186
1479425745211810430,-0.259006863832
1479425735460199189,-0.0209439512342
1479425744561586816,-0.323234975338
1479425770566451844,0.00174532923847
1479425802922105624,0.349763977528
1479425754513318547,0.00174532923847
1479425768166032020,-0.00523598771542
1479425822325593599,-0.27314402163
1479425745111671455,-0.259704995155
1479425741261079206,-0.239459177851
1479425734009840296,0.00174532923847
1479425740661121710,-0.169995069504
1479425736510309042,0.00209439508617
1479425823175710153,-0.303338229656
1479425775917376187,-0.104719758034
1479425825176109757,-0.24155356586
1479425749512520382,-0.0712094336748
1479425800571830976,0.521504378319
1479425793520648898,0.382925242186
1479425738313736899,-0.0233874123543
1479425767416103621,0.00663225129246
1479425765819900616,-0.0349065847695
1479425737710445263,-0.0178023587912
1479425762714936016,-0.00907571204006
1479425789319717586,0.0506145469844
1479425809775330766,0.424464070797
1479425814774235862,0.0589921288192
1479425751762985687,0.0436332307756
1479425758364091104,-0.0593411959708
1479425759464293297,-0.0628318563104
1479425746711945954,-0.308574217558
1479425768065983208,-0.00523598771542
1479425740711101170,-0.233874121308
1479425801171895027,0.525344133377
1479425768716116733,-0.00349065847695
1479425754563379972,0.00174532923847
1479425761764623116,-0.0279252678156
1479425730112267021,-0.0153588980436
1479425749112537165,-0.11588986069
1479425777817723679,-0.038397243619
1479425747362136868,-0.276809221506
1479425791920210726,0.324631243944
1479425776217506602,-0.11344639957
1479425809423328044,0.419228094816
1479425734413599534,0.000698131695388
1479425786419315503,-0.117286127806
1479425783318881073,-0.100181899965
1479425817874801458,-0.0544542729855
1479425733309719352,0.00383972432464
1479425738410591033,-0.0293215319514
1479425810873606971,0.413643032312
1479425826376369765,-0.283092409372
1479425816424603787,-0.0272271364927
1479425812223828807,0.398982268572
1479425797271208076,0.400727593899
1479425764415423308,-0.0279252678156
1479425767965958990,-0.0111701073125
1479425807022850895,0.461115986109
1479425733109687121,0.00523598771542
1479425751262888787,0.0767944902182
1479425736560272212,0.00209439508617
1479425757563937625,-0.0171042272821
1479425744111526747,-0.315904587507
1479425750612730717,0.0143116997555
1479425764065477472,-0.0122173046693
1479425801922020198,0.466701036692
1479425773767000935,-0.17872171402
1479425800271864683,0.52150439024
1479425789819872110,0.0589921288192
1479425768616067952,-0.00349065847695
1479425753463210866,0.00174532923847
1479425796521313140,0.450993084908
1479425735260095362,-0.0219911489636
1479425743561401219,-0.290073722601
1479425788419564420,0.0254818074405
1479425796070990727,0.467399173975
1479425739760968587,-0.134041288495
1479425816974712984,-0.0230383466929
1479425800821769108,0.523249721527
1479425782618579861,0.00558505356312
1479425799521584028,0.417133694887
1479425814324167582,0.0621337234974
1479425752112964529,-0.00593411941081
1479425761714553783,-0.0279252678156
1479425763265020860,-0.0209439508617
1479425784624448448,-0.181863307953
1479425790770013121,0.235270380974
1479425787369415619,-0.0237364780158
1479425766165684385,-0.0506145469844
1479425808373105618,0.418879026175
1479425798521414614,0.445495299995
1479425793820574679,0.466002911329
1479425767165838303,-0.0401425734162
1479425744811647972,-0.302291023731
1479425783119061996,-0.0649262495339
1479425818574980085,-0.0872664630413
1479425796971095035,0.418180894852
1479425793470497788,0.36477381587
1479425795620971518,0.438077628613
1479425749162542080,-0.11588986069
1479425739710800899,-0.134041288495
1479425740811068420,-0.264591908455
1479425819175066906,-0.170693197846
1479425810823554061,0.413643032312
1479425809127760913,0.446106159687
1479425796571055124,0.450993084908
1479425824375931936,-0.210486710071
1479425806922859553,0.457974392176
1479425737110332450,0.00488692186773
1479425816774607907,-0.0212930168957
1479425795671000117,0.438077628613
1479425794670756919,0.467050099373
1479425759714337848,-0.0579449318349
1479425750012666937,-0.0191986225545
1479425730059060282,-0.00977384373544
1479425822975689787,-0.341037333012
1479425810023416892,0.422369688749
1479425752012915774,0.00139626339078
1479425812623918143,0.209439516068
1479425827626320966,-0.247487688065
1479425789369863009,0.0506145469844
1479425798021301324,0.438426697255
1479425786569303117,-0.0865683302283
1479425802422043726,0.425511276722
1479425748062372952,-0.281347084045
1479425754413360220,0.00174532923847
1479425822125556830,-0.262846583128
1479425762815673449,-0.0104719754308
1479425803822294129,0.450993084908
1479425774517175410,-0.15463617742
1479425772966863996,-0.170344132185
1479425751712875645,0.0436332307756
1479425734909985924,0.0
1479425792120308875,0.371406066418
1479425809373250702,0.419926226139
1479425776371319960,-0.114493596554
1479425786969367705,-0.0645771846175
1479425753613280412,-0.00453785602003
1479425808423134368,0.416435557604
1479425808723149990,0.417133688927
1479425817674998952,-0.0216420829296
1479425743511397546,-0.290073722601
1479425744663020735,-0.331263488531
1479425790019830980,0.0921533852816
1479425754063289206,-0.00349065847695
1479425795970925777,0.481012743711
1479425812873938139,0.225147470832
1479425795870901473,0.476474887133
1479425786769320827,-0.0794124826789
1479425777617708262,-0.0561996027827
1479425798171282658,0.442266440391
1479425778567914732,-0.0125663707033
1479425818926474478,-0.12077678591
1479425825976255731,-0.330216294527
1479425756563809525,-0.00628318525851
1479425802372039936,0.445058965683
1479425781118354691,0.0380481787026
1479425774217102597,-0.109955742955
1479425743111341321,-0.311366742849
1479425764665517323,-0.0279252678156
1479425787169555724,-0.0548033393919
1479425804822463760,0.419577157497
1479425818474906909,-0.0610865242779
1479425744211535138,-0.316951793432
1479425732209550629,0.0495673507452
1479425729959216426,0.00453785602003
1479425791170110765,0.259704989195
1479425781468456244,-0.0307177957147
1479425763065128246,-0.0143989664502
1479425739260773691,-0.0436332315206
1479425797521179966,0.473333293199
1479425816024474949,0.0314159270376
1479425780018206263,-0.0328121904284
1479425804872492365,0.419577157497
1479425730909439311,0.00349065847695
1479425826176214354,-0.300545698404
1479425824775931222,-0.260752189159
1479425801622357335,0.486946862936
1479425772316779866,-0.0767944902182
1479425817524815418,-0.00767944864928
1479425762114938207,-0.0268780708313
1479425777318192480,-0.0890117913485
1479425816179238241,0.0160570291802
1479425801021769066,0.523947858811
1479425783618774379,-0.120427720249
1479425801472031634,0.528136622906
1479425763915310448,-0.0122173046693
1479425768219256178,-0.00523598771542
1479425766265685567,-0.0506145469844
1479425797371266431,0.407010775804
1479425755113514376,0.0157079640776
1479425826876466570,-0.235619455576
1479425788219549067,0.050963614136
1479425792220276110,0.414690226316
1479425807623071123,0.470540761948
1479425822375552405,-0.27314402163
1479425751112787351,0.0763581562788
1479425810773607832,0.416086500883
1479425761514702236,-0.0303687293083
1479425777217643933,-0.095644043386
1479425752563099038,-0.0331612564623
1479425825126049186,-0.24155356586
1479425782468584870,0.0069813169539
1479425784418952618,-0.167551606894
1479425782568650159,0.0069813169539
1479425752763082161,-0.0205948852003
1479425792020235707,0.334405082464
1479425779868050882,-0.0380481779575
1479425787219379655,-0.0373500458896
1479425780968240061,0.0443313628435
1479425758664156618,-0.0488692186773
1479425760464422347,-0.0191986225545
1479425746611946958,-0.311366742849
1479425820675360210,-0.271573227644
1479425815124354529,0.0328121908009
1479425798373451234,0.419577157497
1479425795420808676,0.431096315384
1479425817224660469,0.0153588978574
1479425752963130874,-0.013962634094
1479425733809808896,0.00209439508617
1479425746962048517,-0.280998009443
1479425771166615053,-0.0265290044248
1479425808323134990,0.418879026175
1479425811123627608,0.437728571892
1479425746161935961,-0.326376569271
1479425802822101306,0.316602724791
1479425757964068388,-0.0226892810315
1479425779217966632,-0.0411897696554
1479425822425589289,-0.28029987812
1479425756613854763,-0.00837758034468
1479425824626009646,-0.271224164963
1479425791470126645,0.268780696392
1479425805272548922,0.420624345541
1479425798121350719,0.442266440391
1479425805472654912,0.409105175734
1479425740511004235,-0.134041288495
1479425812123838028,0.409803301096
1479425780168107597,-0.0181514244526
1479425787919451728,0.0663225129247
1479425828076448696,-0.312064874172
1479425781919245910,-0.0157079640776
1479425795920914008,0.481012743711
1479425766015723097,-0.0495673500001
1479425809073342045,0.433539789915
1479425805022471781,0.452040278912
1479425790720009824,0.235270380974
1479425755063543397,0.0157079640776
1479425792770360936,0.423067814111
1479425745862919785,-0.293215316534
1479425793770538602,0.451691204309
1479425813474055784,0.213279232383
1479425771716732532,-0.0628318563104
1479425780868916856,0.0478220209479
1479425753714943616,-0.00523598771542
1479425789869860481,0.0589921288192
1479425737764136578,-0.0178023587912
1479425815029645590,0.0411897696554
1479425748912440969,-0.13997540772
1479425761614677647,-0.0279252678156
1479425817774990993,-0.0432841651141
1479425827226502804,-0.229336258769
1479425765365679766,-0.0446804299951
1479425731609503384,0.00418879017234
1479425756213716639,-0.00523598771542
1479425768916163526,0.0
1479425754713384615,0.0108210412785
1479425749662525097,-0.0338593881577
1479425752063002282,0.00139626339078
1479425763967223475,-0.0122173046693
1479425797121369780,0.410152369738
1479425770466436789,0.00174532923847
1479425768516069052,-0.00349065847695
1479425763315074752,-0.0212930168957
1479425798921579467,0.410501438379
1479425825776215748,-0.318348056078
1479425761214580425,-0.0443313628435
1479425804572468938,0.474380493164
1479425792520300240,0.445757091045
1479425786719266424,-0.0794124826789
1479425808923289299,0.418879026175
1479425753213175509,0.00942477788773
1479425781071242967,0.0380481787026
1479425738360571615,-0.0233874123543
1479425798071322344,0.438426697255
1479425734463096558,0.000698131695388
1479425822575552241,-0.291819047928
1479425753163253490,0.00907571204005
1479425736410253047,-0.00244346093386
1479425761564722936,-0.0303687293083
1479425783968808218,-0.14974924922
1479425791320106751,0.270526021719
1479425806027204224,0.452738410234
1479425797671282438,0.453785610199
1479425753113134722,0.00907571204005
1479425826326365966,-0.283092409372
1479425781772510991,-0.0174532923847
1479425793220503313,0.35046210885
1479425815425451797,-0.00907571222633
1479425765215553307,-0.0397935077548
1479425737411012381,-0.0209439508617
1479425819125070811,-0.170693197846
1479425731159381638,0.00209439508617
1479425754613417767,0.00453785602003
1479425755363542837,0.012566370517
1479425741411026569,-0.249233019352
1479425800122237236,0.50963613987
1479425760664454972,-0.0195476882159
1479425822075529022,-0.261799395084
1479425752816150337,-0.0188495565205
1479425787019454277,-0.0659734472633
1479425780118300493,-0.0181514244526
1479425819375069013,-0.180467051268
1479425783518848859,-0.118682391942
1479425759367055198,-0.0628318563104
1479425742511253345,-0.312413930893
1479425818174891875,-0.0404916390777
1479425821775521425,-0.261799395084
1479425828226369386,-0.291120922565
1479425820075140974,-0.245044228435
1479425803972328424,0.470540767908
1479425772466816886,-0.0778416872025
1479425791520163703,0.267035365105
1479425760914548600,-0.045378562063
1479425791670191993,0.267384433747
1479425817074771837,-0.00663225129246
1479425755513628542,0.00767944864929
1479425773066889103,-0.179419848323
1479425824926042001,-0.294611573219
1479425823875852179,-0.242600768805
1479425734109816735,0.000698131695388
1479425773817014182,-0.176976379752
1479425806575356913,0.471937030554
1479425785219123115,-0.255516207218
1479425779018008492,0.00104719754308
1479425795120842681,0.38641590476
1479425788519557050,0.0150098318234
1479425799771670466,0.444709897041
1479425735510124483,-0.016057029739
1479425764765484997,-0.0314159274101
1479425756063672264,-0.00523598771542
1479425739210803152,-0.0436332315206
1479425740410939347,-0.125663712621
1479425806827169757,0.469842636585
1479425736910325727,0.0115191729739
1479425797021132778,0.413992094993
1479425813574039208,0.164759081602
1479425783268706290,-0.0785398155451
1479425733259806707,0.00453785602003
1479425811923772099,0.414690232277
1479425803372275707,0.381528967619
1479425824976043793,-0.294611573219
1479425748512360453,-0.26354470849
1479425773119531014,-0.189891824126
1479425755163494409,0.0157079640776
1479425813975222297,0.0537561409175
1479425743461427228,-0.303687292337
1479425783869417501,-0.138928207755
1479425802972243998,0.349763977528
1479425746762000418,-0.308574217558
1479425821725640742,-0.261799395084
1479425802722232366,0.341735464335
1479425775817451572,-0.106465086341
1479425810973532510,0.414690232277
1479425746812053566,-0.29461157918
1479425768816158389,-0.000698131695388
1479425811873753153,0.425511270761
1479425764465420358,-0.0279252678156
1479425823226164919,-0.302291029692
1479425732509599820,0.0111701071262
1479425780668213328,0.0160570293665
1479425780068141146,-0.0328121904284
1479425749862574173,-0.0209439508617
1479425783818782814,-0.138928207755
1479425787569490019,-0.00279252678156
1479425800421738597,0.511730539799
1479425821225461864,-0.286233991385
1479425731909568188,0.0603883937001
1479425735660161136,-0.0157079640776
1479425758414096498,-0.0544542729855
1479425798821480571,0.420973420143
1479425775167268993,-0.135786616802
1479425822625671304,-0.319744318724
1479425815724583059,0.0324631240219
1479425750262712474,-0.0125663707033
1479425756663892123,-0.00837758034468
1479425790219978908,0.153938040137
1479425748662339744,-0.244695162773
1479425799871695009,0.449945878983
1479425737910503603,-0.00872664619237
1479425817574779060,-0.00767944864928
1479425744762931382,-0.329169094562
1479425810527209667,0.424115008116
1479425754013305028,-0.00349065847695
1479425785719204047,-0.250629284978
1479425747712149720,-0.284488677979
1479425778817870043,0.018849556148
1479425795070748896,0.365122884512
1479425809273235681,0.430747258663
1479425798475235707,0.436681377888
1479425751212771561,0.0767944902182
1479425812973848811,0.220260551572
1479425804372510956,0.488692194223
1479425742761388284,-0.312413930893
1479425784268900606,-0.165806278587
1479425808873219797,0.417133688927
1479425785869240576,-0.246789556742
1479425773466962177,-0.221656814218
1479425819825146115,-0.231081590056
1479425733509794055,0.00523598771542
1479425809973379459,0.425511276722
1479425788669659414,0.00314159262925
1479425738460653859,-0.0293215319514
1479425824826050855,-0.278903615475
1479425821675432232,-0.263195651769
1479425820425242921,-0.268431639671
1479425751162808618,0.0763581562788
1479425806172631431,0.453436541557
1479425735160088880,-0.00418879017233
1479425758464141618,-0.0544542729855
1479425741961169207,-0.311715805531
1479425779067914554,0.00104719754308
1479425818374875454,-0.0429350994527
1479425824075835712,-0.243647965789
1479425787869612357,0.05794493258
1479425785621613623,-0.254119944572
1479425814274140495,0.0572468005121
1479425792370403669,0.432841652632
1479425794820794715,0.431794458628
1479425730359060832,-0.0157079640776
1479425789019687273,0.0251327417791
1479425751663020394,0.070511302352
1479425738010462571,-0.00942477788774
1479425771316636015,-0.0443313635886
1479425817274730867,0.0153588978574
1479425737963006324,-0.00872664619237
1479425803322149237,0.381528967619
1479425755866556790,0.000698131695388
1479425769016174973,0.000698131695388
1479425785018976638,-0.251676481962
1479425738863053184,-0.0331612564623
1479425759914330499,0.00523598771543
1479425732159506821,0.0593411952257
1479425817174763912,0.0202458193525
1479425734309898638,0.0
1479425821975529871,-0.261101257801
1479425821075425680,-0.283441472054
1479425747612133778,-0.284488677979
1479425745911859604,-0.336848545075
1479425813824047511,0.0753982231021
1479425818325027230,-0.0429350994527
1479425776517532064,-0.113097333908
1479425734609979809,0.000698131695388
1479425732559543366,0.0111701071262
1479425740761033129,-0.233874121308
1479425825876167083,-0.337546676397
1479425752913103279,-0.013962634094
1479425737660508595,-0.0226892810315
1479425805822699956,0.423765945435
1479425779518028662,-0.0418879017234
1479425815374358976,0.012915436551
1479425775067285954,-0.139277273417
1479425779318057416,-0.0422369673848
1479425749462526416,-0.107512281835
1479425756863826392,-0.00767944864929
1479425748962470361,-0.13997540772
1479425744611600859,-0.331263488531
1479425756266498529,-0.00523598771542
1479425743011357941,-0.312413930893
1479425780818217448,0.0478220209479
1479425748812409324,-0.18116517663
1479425763714992625,-0.0181514244526
1479425740861049335,-0.264591908455
1479425758914251265,-0.0418879017234
1479425802522118671,0.4153883636
1479425768466197008,-0.00488692186773
1479425780468271633,0.00837758034468
1479425784574765586,-0.171042263508
1479425772616960533,-0.0785398185253
1479425824525978134,-0.276111090183
1479425753013144089,-0.00104719754309
1479425818224871966,-0.0366519130766
1479425788969708064,0.0328121904284
1479425751412845091,0.0785398185253
1479425773516958244,-0.230732521414
1479425765865679398,-0.0349065847695
1479425794720729640,0.461115980148
1479425806472899114,0.469493567944
1479425762014685740,-0.0275762021542
1479425811975236146,0.414690232277
1479425795720915512,0.446106153727
1479425786919422523,-0.0645771846175
1479425773566974152,-0.230732521414
1479425746011974205,-0.341735464335
1479425775467334212,-0.103672558069
1479425810323409489,0.424464070797
1479425796621044311,0.438775777817
1479425757764036367,-0.0226892810315
1479425790269975132,0.153938040137
1479425761664510558,-0.0279252678156
1479425759764302432,-0.0579449318349
1479425760367971430,-0.0191986225545
1479425802172000871,0.454832804203
1479425743061346921,-0.312413930893
1479425773717015150,-0.17872171402
1479425754313419377,0.00174532923847
1479425734059923219,0.00174532923847
1479425767570975349,0.0230383463204
1479425731709602429,0.0122173048556
1479425788819688064,0.0376991119236
1479425734359911049,0.0
1479425762465491596,-0.019198622182
1479425774317087374,-0.139277273417
1479425754163284623,-0.00349065847695
1479425744463112870,-0.315904587507
1479425818024815276,-0.0520108118653
1479425735760118216,-0.0157079640776
1479425733659757234,0.00523598771542
1479425743211350709,-0.311715805531
1479425754963487415,0.0174532931298
1479425814674205368,0.0771435543895
1479425791620139706,0.267384433747
1479425733859879612,0.00209439508617
1479425770316475069,0.00174532923847
1479425807923022528,0.48310713172
1479425792570419905,0.445757091045
1479425818774916214,-0.104719758034
1479425737810488010,-0.00733038280159
1479425740464286419,-0.125663712621
1479425775519794981,-0.104021622241
1479425823127335376,-0.303338229656
1479425746261936869,-0.319395244122
1479425758264068839,-0.0544542729855
1479425813774093032,0.0973893716931
1479425810373429995,0.424464070797
1479425748612319984,-0.244695162773
1479425765015505652,-0.0366519130766
1479425737863080701,-0.00733038280159
1479425798621598165,0.437728565932
1479425803072211717,0.375245785713
1479425772416772880,-0.0778416872025
1479425741861088017,-0.313810193539
1479425784374799123,-0.167551606894
1479425760514452248,-0.0191986225545
1479425787319388956,-0.0237364780158
1479425776419212077,-0.116238926351
1479425800321755956,0.508239877224
1479425803022158647,0.375245785713
1479425787719486274,0.0136135686189
1479425802272066371,0.454483735561
1479425730609163076,0.00418879017234
1479425800021707589,0.468097299337
1479425782871313222,-0.00802851468324
1479425790820010825,0.233874118328
1479425743311406903,-0.312064868212
1479425815924484940,0.0394444413483
1479425789169789784,0.0370009809732
1479425806972848990,0.457974392176
1479425776919317345,-0.0998328313232
1479425823675788132,-0.233525052667
1479425736960304956,0.0115191729739
1479425808579210093,0.414690232277
1479425823525792628,-0.228289061785
1479425761414466427,-0.0380481779575
1479425763565251452,-0.0223402149975
1479425782418606982,0.0069813169539
1479425775417281417,-0.103672558069
1479425764565429132,-0.0279252678156
1479425741612043153,-0.2754129529
1479425757113895832,-0.000349065847694
1479425813524056986,0.164759081602
1479425815474391967,-0.00907571222633
1479425747962244002,-0.283790540695
1479425743611415468,-0.291819047928
1479425754463341487,0.00174532923847
1479425742411221944,-0.313461136818
1479425749312629694,-0.123918381334
1479425787269409734,-0.0373500458896
1479425754363407303,0.00174532923847
1479425769066163146,0.000698131695388
1479425740360905207,-0.123569314182
1479425776867576785,-0.104370690882
1479425757613935573,-0.0223402149975
1479425754813370873,0.0178023591637
1479425773367495641,-0.204203519225
1479425823975893978,-0.242600768805
1479425816524598239,-0.0230383466929
1479425811273673697,0.444709897041
1479425745311722468,-0.245742362738
1479425816624638951,-0.0226892810315
1479425799723349842,0.444709897041
1479425756963875825,-0.00453785602003
1479425816874642422,-0.0251327414065
1479425755463601321,0.00872664619237
1479425768366050305,-0.00523598771542
1479425766615870468,-0.0523598790169
1479425806776101893,0.488692182302
1479425765115556354,-0.0366519130766
1479425756413725713,-0.00523598771542
1479425738960677911,-0.0349065855145
1479425740260887582,-0.114842663706
1479425748012280863,-0.281347084045
1479425774867999779,-0.140499003232
1479425734509931558,0.00174532923847
1479425768316095535,-0.00523598771542
1479425791770168375,0.284488672018
1479425762364943419,-0.0226892810315
1479425774617127998,-0.146258586645
1479425730159160384,-0.0153588980436
1479425784118955077,-0.158126834035
1479425819075112363,-0.146607658267
1479425826828577881,-0.235619455576
1479425731559369826,0.00279252678156
1479425796371008611,0.481710875034
1479425767015844964,-0.0457276262343
1479425785819237478,-0.246789556742
1479425802772139111,0.341735464335
1479425817624841321,-0.0216420829296
1479425745011690602,-0.247487688065
1479425802122013804,0.454832804203
1479425812773956717,0.21502456665
1479425790120053872,0.124267445505
1479425748862413942,-0.18116517663
1479425754113305722,-0.00349065847695
1479425750215380098,-0.0125663707033
1479425797871209607,0.462861311436
1479425769466285194,0.00174532923847
1479425764515425423,-0.0279252678156
1479425747312127120,-0.276809221506
1479425820625259669,-0.271573227644
1479425806123248801,0.453436541557
1479425798775262371,0.434936046601
1479425771766627526,-0.0628318563104
1479425796421012649,0.457625329494
1479425783168748717,-0.0649262495339
1479425779918261426,-0.0363028474152
1479425767515983028,0.0230383463204
1479425806228824606,0.464257580042
1479425737260387518,-0.00663225110619
1479425753413274815,0.00174532923847
1479425764815457475,-0.0345575191081
1479425731759467716,0.0122173048556
1479425760214969544,-0.0178023587912
1479425793120394444,0.370707935095
1479425777567681738,-0.0684169068932
1479425768566140108,-0.00349065847695
1479425775567482062,-0.104021622241
1479425819875141496,-0.231081590056
1479425768966139091,0.0
1479425766915909497,-0.0506145469844
1479425810173480156,0.422369688749
1479425818974986789,-0.12077678591
1479425778767883490,0.0104719754308
1479425826476438054,-0.278554552793
1479425776017370344,-0.104719758034
1479425811423718634,0.46146504879
1479425813674119719,0.127758102119
1479425825826188524,-0.337546676397
1479425777917717746,-0.0317649934441
1479425809023397110,0.433539789915
1479425761964641529,-0.0272271364927
1479425752663067899,-0.0272271368653
1479425814024170752,0.0488692186773
1479425778967923979,0.0167551608756
1479425766215675153,-0.0506145469844
1479425776317492508,-0.114493596554
1479425730509122856,-0.00488692186772
1479425808775294250,0.417133688927
1479425766565719347,-0.0516617462039
1479425770266406197,0.00453785602003
1479425775867473207,-0.106465086341
1479425822225567032,-0.266686308384
1479425786069159225,-0.213628298044
1479425767370902846,-0.0265290044248
1479425812473777475,0.307876086235
1479425814124121417,0.0492182843387
1479425807973068107,0.48310713172
1479425768015994082,-0.00523598771542
1479425795520859473,0.4349360466
1479425787469532498,-0.00872664619237
1479425744911748439,-0.256563404202
1479425739560791387,-0.106465084851
1479425737460378972,-0.0209439508617
1479425772166770013,-0.0733038261533
1479425808673172830,0.417133688927
1479425807172988262,0.466002911329
1479425775017217383,-0.139277273417
1479425778667826536,0.00104719754308
1479425780768255208,0.0328121900558
1479425821825559923,-0.261799395084
1479425811823758708,0.425511270761
1479425762064698744,-0.0275762021542
1479425799371582849,0.42516220808
1479425731359411587,0.00174532923847
1479425803775331719,0.449596816302
1479425743761485193,-0.300196629763
1479425742861323661,-0.312413930893
1479425777017580944,-0.0959931090474
1479425772866850194,-0.140324471891
1479425789269773719,0.0457276262343
1479425821175369113,-0.285186803341
1479425790419938717,0.237364777923
1479425785519148451,-0.253421807289
1479425821425470884,-0.280648946762
1479425823825792422,-0.242600768805
1479425821925543337,-0.261101257801
1479425805072747946,0.452040278912
1479425800521747883,0.521504378319
1479425813875264948,0.0753982231021
1479425758114057655,-0.0356047168374
1479425783668739513,-0.120427720249
1479425813224091066,0.191986218095
1479425739610738111,-0.122173050046
1479425827026382280,-0.238761046529
1479425794975223246,0.389208424091
1479425791220100566,0.270875090361
1479425733463068122,0.00453785602003
1479425745811860955,-0.293215316534
1479425816924605917,-0.0230383466929
1479425788169670113,0.0621337227523
1479425741461155299,-0.249233019352
1479425785469119974,-0.254818081856
1479425815824494058,0.047822021693
1479425750112745371,-0.0181514244526
1479425747762212335,-0.284488677979
1479425781218495984,0.028623399511
1479425749562527225,-0.0712094336748
1479425786369322490,-0.142767930031
1479425788719664643,0.0132645025849
1479425742561406471,-0.312413930893
1479425802472222216,0.425511276722
1479425810073382414,0.422369688749
1479425733059767823,0.00523598771542
1479425753813265949,-0.00349065847695
1479425789619834399,0.0548033386469
1479425783468723749,-0.114842663706
1479425744411561522,-0.315904587507
1479425733359832634,0.00383972432464
1479425741161049663,-0.23911011219
1479425825626352907,-0.299847561121
1479425740561108553,-0.134041288495
1479425826626377655,-0.232826918363
1479425811473673808,0.46146504879
1479425750312635986,-0.00488692186773
1479425809223265878,0.430747258663
1479425825476169310,-0.256563401222
1479425757813960290,-0.0226892810315
1479425807222869604,0.46635197401
1479425743661510249,-0.291819047928
1479425821325413998,-0.285186803341
1479425745411739254,-0.240506374836
1479425744711708279,-0.329169094562
1479425785919245947,-0.2366666466
1479425747112046211,-0.27750736475
1479425746361929348,-0.319395244122
1479425758864182927,-0.0460766926408
1479425769366236817,0.00174532923847
1479425766865858197,-0.0520108126104
1479425746111835798,-0.326376569271
1479425812030411571,0.413643032312
1479425780218256666,0.0
1479425809173219269,0.446106159687
1479425826976354928,-0.235619455576
1479425773867019944,-0.176976379752
1479425791720214186,0.284488672018
1479425803872359027,0.450993084908
1479425758814285492,-0.0460766926408
1479425817924849333,-0.0555014699698
1479425738210520759,-0.0178023587912
1479425817824759485,-0.0544542729855
1479425747062009536,-0.27750736475
1479425794220609217,0.524995040894
1479425732909706948,0.00523598771542
1479425789119762126,0.0370009809732
1479425826731691727,-0.23422318399
1479425824175943383,-0.231779724359
1479425800721796825,0.520108103752
1479425822175548026,-0.262846583128
1479425771266540156,-0.0453785613179
1479425821525429996,-0.271922290325
1479425787669442290,-0.019547688216
1479425822525656821,-0.291819047928
1479425751612878582,0.070511302352
1479425793620476543,0.409105175734
1479425752863133436,-0.0188495565205
1479425763764997892,-0.0181514244526
1479425764215410445,-0.019198622182
1479425744961695502,-0.256563404202
1479425763365162767,-0.0212930168957
1479425753913233168,-0.00349065847695
1479425779419303705,-0.0418879017234
1479425757863989020,-0.0226892810315
1479425762914963230,-0.0111701071262
1479425759414267687,-0.0628318563104
1479425773917007155,-0.183259576559
1479425767915999031,-0.0111701073125
1479425823775804725,-0.243647965789
1479425744061509442,-0.314508330822
1479425751362883395,0.0767944902182
1479425771566624580,-0.0485201530159
1479425815774400118,0.0324631240219
1479425767617613641,0.0118682391941
1479425769816337719,0.00174532923847
1479425773967093582,-0.183259576559
1479425781968482127,-0.0157079640776
1479425746461945681,-0.315206462145
1479425811573717176,0.47333329916
1479425765565665116,-0.0432841658592
1479425823025721188,-0.315206468105
1479425790873669477,0.233874118328
1479425760314404713,-0.0191986225545
1479425790470041450,0.237364777923
1479425752513007468,-0.0331612564623
1479425814974271346,0.0436332300305
1479425733909761913,0.00174532923847
1479425758714212225,-0.0485201530159
1479425823375830914,-0.284837734699
1479425805772705669,0.410501432419
1479425772716814216,-0.103323490918
1479425808973213587,0.418879026175
1479425827726323604,-0.318697118759
1479425764365438870,-0.0275762021542
1479425824876171163,-0.278903615475
1479425814824226718,0.043982296437
1479425807676600225,0.470540761948
1479425771466583975,-0.0380481772124
1479425737010368425,0.0115191729739
1479425732759605163,-0.00383972432464
1479425765665663575,-0.0328121904284
1479425821275475886,-0.286233991385
1479425742461202352,-0.313461136818
1479425749812662198,-0.0209439508617
1479425822025542985,-0.261799395084
1479425756014997433,-0.00523598771542
1479425755713613755,0.00349065847695
1479425754763390909,0.0108210412785
1479425747563057087,-0.28274333477
1479425811373602806,0.449945878982
1479425806372785485,0.469493567944
1479425818274934741,-0.0366519130766
1479425796771082198,0.429350996018
1479425806622765018,0.488692182302
1479425811227270479,0.444709897041
1479425775271448543,-0.124267445505
1479425801521909730,0.515570259094
1479425801271979345,0.527089416981
1479425734559985644,0.00174532923847
1479425820875312466,-0.284139609337
1479425794370719730,0.491833782196
1479425733559783419,0.00523598771542
1479425736460193794,-0.00244346093386
1479425791420116999,0.268780696392
1479425747162165257,-0.27750736475
1479425795470823439,0.431096315384
1479425805222490130,0.420624345541
1479425813273920174,0.191986218095
1479425808173158427,0.459719723463
1479425789470052384,0.0530580103397
1479425804972740648,0.447851490974
1479425781268385834,0.028623399511
1479425765415555116,-0.045378562063
1479425794175389748,0.535117959976
1479425735810183226,-0.0143116999418
1479425785969455163,-0.2366666466
1479425806323191869,0.469493567944
1479425815574474816,-0.0363028485328
1479425747662229572,-0.284488677979
1479425774717177928,-0.141720733046
1479425741064630349,-0.239808243513
1479425820175265871,-0.237364783883
1479425787419430994,-0.00872664619237
1479425807572963417,0.467399168014
1479425782968610908,-0.0258308734745
1479425828476407901,-0.267035371065
1479425730559193183,-0.00488692186772
1479425805378875488,0.41783182621
1479425760964620386,-0.045378562063
1479425815074347789,0.0411897696554
1479425774417129579,-0.156381505728
1479425794870726765,0.431794458628
1479425753363345518,0.00279252678156
1479425821475475570,-0.280648946762
1479425750562680956,0.00488692186773
1479425773316927618,-0.204203519225
1479425730209149059,-0.0157079640776
1479425759014219913,-0.0425860337913
1479425803522237122,0.428652864695
1479425764615463619,-0.0279252678156
1479425771866779807,-0.0600393280387
1479425816124574705,0.0160570291802
1479425750362722474,-0.00488692186773
1479425824025866412,-0.243647965789
1479425788019536045,0.0663225129247
1479425827426142237,-0.225496536493
1479425821627199664,-0.263195651769
1479425803472259102,0.392699086666
1479425773667012791,-0.206297919154
1479425811729936569,0.45169121027
1479425766065688765,-0.0495673500001
1479425778619273407,0.00104719754308
1479425783418933440,-0.114842663706
1479425768866132162,-0.000698131695388
1479425793370575043,0.356396239996
1479425779768037573,-0.0401425734162
1479425753766006982,-0.00523598771542
1479425801771954375,0.470540767908
1479425777667698889,-0.0561996027827
1479425742311207119,-0.313810205459
1479425795770862968,0.446106153727
1479425820125188306,-0.237364783883
1479425774567223507,-0.15463617742
1479425802222005499,0.454483735561
1479425815324299484,0.012915436551
1479425749712589021,-0.0209439508617
1479425775367450846,-0.108559478819
1479425745614205154,-0.250629279017
1479425748562333925,-0.26354470849
1479425803222177060,0.372104197741
1479425800171860201,0.50963613987
1479425788869734641,0.0376991119236
1479425783568716026,-0.118682391942
1479425796270960892,0.490088450909
1479425735009997055,0.0
1479425791070073089,0.245044228435
1479425774767395078,-0.141720733046
1479425741661221128,-0.2754129529
1479425757313872139,-0.00069813169539
1479425781418414348,-0.0307177957147
1479425804522426640,0.474380493164
1479425784818995480,-0.215722697973
1479425742161252641,-0.311017674208
1479425771416744226,-0.0380481772124
1479425817374699812,-0.000698131695392
1479425760564457765,-0.0191986225545
1479425778117792039,-0.0244346093386
1479425827776272626,-0.318697118759
1479425743861494066,-0.309272348881
1479425801121853763,0.525344133377
1479425770016444743,0.00279252678156
1479425736160170312,-0.00907571204004
1479425802022089033,0.455879998207
1479425777517711693,-0.0684169068932
1479425785369145679,-0.254818081856
1479425812423848272,0.307876086235
1479425740063127608,-0.128107170761
1479425823325753688,-0.284837734699
1479425746061909391,-0.341735464335
1479425742961347984,-0.312413930893
1479425827476091242,-0.225496536493
1479425797221437809,0.400727593899
1479425798421401971,0.436681377888
1479425762314834296,-0.0226892810315
1479425761064538503,-0.045378562063
1479425759964352905,0.00523598771543
1479425765915939220,-0.0415388360619
1479425746661962136,-0.311366742849
1479425772916871579,-0.170344132185
1479425769716273566,0.00174532923847
1479425799971688866,0.44924775362
1479425792270561705,0.414690226316
1479425790619996586,0.248185819387
1479425799421555115,0.415737432242
1479425791820190130,0.316602724791
1479425767065850291,-0.0457276262343
1479425822925689278,-0.341037333012
1479425781618446783,-0.0181514244526
1479425797071196611,0.413992094993
1479425794570686916,0.462861317396
1479425800971874766,0.523598790169
1479425739461235152,-0.0945968449116
1479425778717838755,0.0104719754308
1479425769116144085,0.00174532923847
1479425786319278555,-0.142767930031
1479425748162319099,-0.280998021364
1479425768116031983,-0.00523598771542
1479425819275014646,-0.179070782661
1479425738910691831,-0.0349065855145
1479425776067449336,-0.104719758034
1479425739810804217,-0.134390354156
1479425814624211452,0.0771435543895
1479425771116761599,-0.0265290044248
1479425736860316162,0.0104719754308
1479425755613590019,0.00593411941081
1479425763865317895,-0.0146607659757
1479425819525083678,-0.230732527375
1479425812275278367,0.398982268572
1479425732959744550,0.00523598771542
1479425796170969639,0.470191699266
1479425813724123690,0.0973893716931
1479425810723588189,0.416086500883
1479425800371950145,0.508239877224
1479425779273527875,-0.0411897696554
1479425805922677318,0.448200547695
1479425779968102984,-0.0363028474152
1479425819925142967,-0.242251703143
1479425739960988236,-0.134390354156
1479425758614131278,-0.0488692186773
1479425825326150226,-0.241902634502
1479425747212112469,-0.274714815617
1479425803275287993,0.372104197741
1479425805622620943,0.408057969809
1479425751062753885,0.0715584978461
1479425795320803936,0.437030434609
1479425739910845025,-0.134390354156
1479425762765050467,-0.00907571204006
1479425771616621163,-0.0624827899039
1479425781168411246,0.0380481787026
1479425749214999152,-0.124616512656
1479425801972019827,0.466701036692
1479425827878701161,-0.342782664299
1479425757413888632,-0.00453785602003
1479425750763065978,0.034906585142
1479425746561962620,-0.312413930893
1479425733959881342,0.00174532923847
1479425819475071616,-0.196524074674
1479425774967222916,-0.139626339078
1479425736760283783,0.00977384373543
1479425737310368392,-0.018849556148
1479425824475933416,-0.241902634501
1479425766715765392,-0.0523598790169
1479425810423509662,0.425860345364
1479425746411934367,-0.315206462145
1479425802622120618,0.390953749418
1479425828326470352,-0.280299884081
1479425815974474451,0.0394444413483
1479425759864353493,-0.0394444413483
1479425784874447577,-0.215722697973
1479425755213525724,0.0139626339078
1479425738510578405,-0.0331612564623
1479425730659201768,0.00418879017234
1479425798221402859,0.433888852596
1479425810573488876,0.424115008116
1479425741311144687,-0.243298900128
1479425801571914481,0.515570259094
1479425777767764724,-0.0471238896251
1479425784318866165,-0.167551606894
1479425798721492755,0.434936046601
1479425749362504443,-0.123918381334
1479425747862237948,-0.284488677979
1479425825226089258,-0.227590930462
1479425762965009152,-0.0111701071262
1479425741711119114,-0.296007841825
1479425760064393999,0.0146607657894
1479425828026430224,-0.312064874172
1479425754913444627,0.0174532931298
1479425819725114842,-0.231430655718
1479425822725640991,-0.351858377457
1479425753563288353,0.000698131695388
1479425771066503970,0.00872664656489
1479425827176428323,-0.235270383954
1479425771016598308,0.00872664656489
1479425729909166889,0.00453785602003
1479425803422225194,0.392699086666
1479425809523274544,0.422369688749
1479425786669273906,-0.0820304751396
1479425767866012467,-0.0153588980436
1479425735063106357,0.0
1479425739060695864,-0.0401425734162
1479425770216428346,0.00453785602003
1479425786869371708,-0.0694641038775
1479425763165057854,-0.0205948852003
1479425736710304576,0.00977384373543
1479425781818438465,-0.0167551610619
1479425800671687494,0.52185344696
1479425821575435080,-0.271922290325
1479425757363884873,-0.00069813169539
1479425785319142221,-0.254818081856
1479425740010885968,-0.128107170761
1479425789969896273,0.0680678412318
1479425780619326291,0.0160570293665
1479425818424853305,-0.0610865242779
1479425757213905759,0.0
1479425736360112998,-0.00349065847695
1479425749062407015,-0.116587993503
1479425819325043516,-0.180467051268
1479425772666786669,-0.0785398185253
1479425788069606255,0.0663225129247
1479425815624359401,-0.0181514242664
1479425750962770808,0.0656243816018
1479425764316140413,-0.0275762021542
1479425732309595014,0.0408407047391
1479425760114422680,-0.00279252678155
1479425732009464733,0.0638790532947
1479425766965924767,-0.0506145469844
1479425790069986208,0.0921533852816
1479425758014034851,-0.0261799391359
1479425730409100197,-0.014660766162
1479425765465641897,-0.045378562063
1479425755316343726,0.012566370517
1479425765165650863,-0.0366519130766
1479425812373869385,0.365471941233
1479425799321540371,0.42516220808
1479425805972665273,0.448200547695
1479425779371176890,-0.0422369673848
1479425789069734844,0.0251327417791
1479425785069130685,-0.251676481962
1479425810473497535,0.425860345364
1479425812573855222,0.243647965789
1479425763415151558,-0.0226892810315
1479425756163751269,-0.00523598771542
1479425764015305678,-0.0122173046693
1479425743261406161,-0.311715805531
1479425813424190419,0.213279232383
1479425778317804366,-0.0226892810315
1479425811523720151,0.47333329916
1479425731459404760,0.00174532923847
1479425730709156833,0.00244346093386
1479425751562949611,0.0781907528639
1479425768666141676,-0.00349065847695
1479425790319932398,0.191637152434
1479425784018924529,-0.153239914775
1479425815874728953,0.047822021693
1479425781518496766,-0.0202458199113
1479425789219689482,0.0457276262343
1479425784519078927,-0.171042263508
1479425798971438096,0.410501438379
1479425784668992530,-0.181863307953
1479425775723007491,-0.108210414648
1479425735110022166,-0.00418879017233
1479425816224551962,-0.00349065847694
1479425751312831520,0.0767944902182
1479425789419705396,0.0530580103397
1479425810223567934,0.423765939474
1479425827126485856,-0.235270383954
1479425795270786571,0.421671551466
1479425766315660357,-0.0506145469844
1479425733009634376,0.00523598771542
1479425766815741008,-0.0520108126104
1479425755663603896,0.00593411941081
1479425756763804756,-0.00872664619237
1479425769666344023,0.00174532923847
1479425827276428376,-0.229336258769
1479425735410119772,-0.0209439512342
1479425760764490598,-0.0275762025267
1479425828426981439,-0.267035371065
1479425783368725613,-0.100181899965
1479425759114228853,-0.050963614136
1479425810923566220,0.414690232277
1479425807372981397,0.474031430483
1479425814524261529,0.0715584993362
1479425751862892969,0.0181514244526
1479425758214026403,-0.0544542729855
1479425744011523238,-0.314508330822
1479425790520038568,0.253770881891
1479425752313083052,-0.0115191729739
1479425778217784493,-0.0230383466929
1479425790970116296,0.24155357182
1479425795020797121,0.365122884512
1479425820725261510,-0.277507352829
1479425767115887829,-0.0401425734162
1479425791370114278,0.270526021719
1479425751812895975,0.0181514244526
1479425757063935209,-0.00349065847695
1479425792070276331,0.334405082464
1479425785569121149,-0.253421807289
1479425788123247851,0.0621337227523
1479425765515728114,-0.0432841658592
1479425773416969468,-0.221656814218
1479425735710135551,-0.0157079640776
1479425776267482368,-0.11344639957
1479425818824951695,-0.10611602068
1479425805322564877,0.41783182621
1479425801421964163,0.528136622906
1479425740111074587,-0.114842663706
1479425784769058078,-0.201410993934
1479425802322015519,0.445058965683
1479425789519901985,0.054105207324
1479425739660891428,-0.122173050046
1479425750162969478,-0.0181514244526
1479425824425989416,-0.241902634501
1479425816474567559,-0.0272271364927
1479425771916711213,-0.0610865257681
1479425766365771064,-0.0506145469844
1479425826226322996,-0.301592898369
1479425795220788540,0.421671551466
1479425793870615880,0.466002911329
1479425794270614860,0.524995040894
1479425823725836515,-0.243647965789
1479425784071247188,-0.153239914775
1479425756513785175,-0.00628318525851
1479425795820950886,0.476474887133
1479425748362351982,-0.276111090184
1479425803722282354,0.449596816302
1479425744361649528,-0.315904587507
1479425803922322809,0.470540767908
1479425814724171131,0.0589921288192
1479425808523154812,0.414690232277
1479425813124052349,0.180117982626
1479425804422370688,0.486597794294
1479425778167813505,-0.0244346093386
1479425824275887492,-0.212930169702
1479425807322871177,0.474031430483
1479425761114609034,-0.045378562063
1479425770366506380,0.00174532923847
1479425813924074893,0.0537561409175
1479425786019255695,-0.213628298044
1479425793970664852,0.467748236656
1479425732459566486,0.0328121900558
1479425814575256984,0.0715584993362
1479425731661497766,0.00418879017234
1479425781868418476,-0.0167551610619
1479425760714454445,-0.0275762025267
1479425782268630446,0.00418879017234
1479425753313211823,0.00279252678156
1479425750812734896,0.0565486684442
1479425826426302506,-0.278554552793
1479425769516241823,0.00174532923847
1479425762514884028,-0.0125663707033
1479425741211088325,-0.239459177851
1479425763465131462,-0.0226892810315
1479425735360050633,-0.0272271364927
1479425800471681272,0.511730539799
1479425778519430051,-0.0125663707033
1479425811023664597,0.424813139439
1479425756463773142,-0.00523598771542
1479425745661785575,-0.250629279017
1479425759616710130,-0.0607374586165
1479425805722580467,0.410501432419
1479425759564281333,-0.0628318563104
1479425738260567543,-0.0178023587912
1479425739110659577,-0.0401425734162
1479425739010782714,-0.0401425734162
1479425806072681981,0.452738410234
1479425742711453182,-0.312413930893
1479425818874967551,-0.10611602068
1479425791270114820,0.270875090361
1479425801872004621,0.470191705227
1479425734859994638,0.0
1479425784168822295,-0.158126834035
1479425773616952865,-0.206297919154
1479425770916607527,0.0485201537609
1479425758964187359,-0.0418879017234
1479425760414398000,-0.0191986225545
1479425788769801779,0.0132645025849
1479425824575927860,-0.276111090183
1479425789569832503,0.054105207324
1479425733209683527,0.00453785602003
1479425760164582986,-0.00279252678155
1479425756363707980,-0.00523598771542
1479425805422548557,0.409105175734
1479425790370084435,0.191637152434
1479425804172367451,0.499513238668
1479425745561761376,-0.244346097112
1479425824675935841,-0.271224164963
1479425747812243047,-0.284488677979
1479425771366577768,-0.0443313635886
1479425760867070909,-0.041538836807
1479425761167070833,-0.045378562063
1479425813173950739,0.180117982626
1479425767273412214,-0.0397935077548
1479425814174127735,0.0492182843387
1479425778867902073,0.018849556148
1479425820225230462,-0.237713849544
1479425824726087299,-0.260752189159
1479425757914003076,-0.0226892810315
1479425797971310214,0.444709897041
1479425804022347402,0.491484713554
1479425800921773711,0.523598790169
1479425784919324308,-0.231779724359
1479425750862771862,0.0565486684442
1479425779718083379,-0.0401425734162
1479425772766967454,-0.103323490918
1479425739310741151,-0.0702495025471
1479425741361182371,-0.243298900128
1479425762614941350,-0.00767944864929
1479425776617526952,-0.106465086341
1479425816674588337,-0.0226892810315
1479425739510658740,-0.106465084851
1479425820975298231,-0.284488677979
1479425820825376448,-0.284139609337
1479425827679286980,-0.247487688065
1479425793670502085,0.409105175734
1479425809723430599,0.424464070797
1479425764165637833,-0.0129154363647
1479425782318569165,0.00802851449698
1479425751962957519,0.00942477788776
1479425786519271120,-0.0865683302283
1479425755563620055,0.00767944864929
1479425783719302874,-0.128456237912
1479425781368436445,-0.0139626342803
1479425808023074539,0.477871149778
1479425795370768108,0.437030434609
1479425817474753490,-0.00523598771542
1479425789920007923,0.0680678412318
1479425805672593140,0.408057969809
1479425750412711669,0.00139626339078
1479425740161054457,-0.114842663706
1479425755766306559,0.00349065847695
1479425769766393606,0.00174532923847
1479425803622242057,0.447851485014
1479425825026036696,-0.276809215546
1479425774017074963,-0.168249738216
1479425793270494996,0.35046210885
1479425731409418006,0.00174532923847
1479425774917252887,-0.139626339078
1479425764115371803,-0.0129154363647
1479425826926507809,-0.235619455576
1479425794070566693,0.493579113483
1479425784468993830,-0.167551606894
1479425741111023401,-0.23911011219
1479425744511604525,-0.323234975338
1479425790569985850,0.253770881891
1479425766765868865,-0.0523598790169
1479425792620345154,0.435285115242
1479425778919429956,0.0167551608756
1479425749962626017,-0.0198967538774
1479425782368655176,0.00802851449698
1479425769416226638,0.00174532923847
1479425816274499409,-0.00349065847694
1479425766415775570,-0.0506145469844
1479425732409620310,0.0328121900558
1479425748712355674,-0.219562417269
1479425790169913180,0.124267445505
1479425742261172061,-0.312413930893
1479425755813631838,0.000698131695388
1479425732609578847,-0.0104719754308
1479425734660036450,0.000698131695388
1479425806873081700,0.469842636585
1479425808273209190,0.433190715313
1479425738760689516,-0.0331612564623
1479425759514244977,-0.0628318563104
1479425815524366195,-0.0363028485328
1479425814224123772,0.0572468005121
1479425804772513662,0.420624351501
1479425822775662463,-0.351858377457
1479425786819336065,-0.0694641038775
1479425802672057703,0.390953749418
1479425770616428429,0.00244346093386
1479425804072441743,0.491484713554
1479425781318473627,-0.0139626342803
1479425739860875174,-0.134390354156
1479425826576349095,-0.255167141557
1479425738610620333,-0.0331612564623
1479425797171107758,0.410152369738
1479425776719288241,-0.104719758034
1479425779671316404,-0.041538836062
1479425812175230903,0.409803301096
1479425782918625208,-0.0258308734745
1479425735910176698,-0.0136135680601
1479425807423084489,0.476823955774
1479425812073773003,0.413643032312
1479425825676187600,-0.299847561121
1479425794920749009,0.389208424091
1479425819775121369,-0.231430655718
1479425769966335965,0.00174532923847
1479425809673459681,0.422369688749
1479425741761140708,-0.296007841825
1479425807272949743,0.46635197401
1479425824125922984,-0.231779724359
1479425757513996278,-0.0171042272821
1479425742911310165,-0.312413930893
1479425821025425412,-0.283441472054
1479425755263547397,0.0139626339078
1479425772516833294,-0.0767944902182
1479425754213333010,-0.00069813169539
1479425730759220910,0.00244346093386
1479425783218755607,-0.0785398155451
1479425789669816345,0.0548033386469
1479425827976354138,-0.334754151106
1479425777467717667,-0.0771435528994
1479425795570890788,0.4349360466
1479425783018633254,-0.0499164164066
1479425749412542503,-0.107512281835
1479425742061197352,-0.308923274279
1479425731109468216,0.00209439508617
1479425740210903098,-0.114842663706
1479425765765658683,-0.0282743338496
1479425757263909898,0.0
1479425781018269763,0.0380481787026
1479425760814544985,-0.041538836807
1479425819225036892,-0.179070782661
1479425745361754222,-0.245742362738
1479425812923947119,0.220260551572
1479425730809174128,0.00244346093386
1479425730309101686,-0.0157079640776
1479425763615070328,-0.0209439508617
1479425797471336570,0.461115986109
1479425788369598603,0.0345575198531
1479425821875493005,-0.261799395084
1479425781718554767,-0.0174532923847
1479425769316276368,0.00174532923847
1479425822476597394,-0.28029987812
1479425731009304723,0.00349065847695
1479425754863499415,0.0178023591637
1479425782768634223,0.00174532923847
1479425734711728289,0.0
1479425749262473381,-0.124616512656
1479425803172272307,0.367915409803
1479425742361188536,-0.313810205459
1479425765315614906,-0.0446804299951
1479425763015055560,-0.0143989664502
1479425767319591117,-0.0265290044248
1479425798271539409,0.433888852596
1479425738710636759,-0.0331612564623
1479425788319586524,0.0345575198531
1479425823275718881,-0.302291029692
1479425823425804515,-0.24888395071
1479425733609756901,0.00523598771542
1479425749762537702,-0.0209439508617
1479425733709740264,0.00453785602003
1479425731309377769,0.00174532923847
1479425737510574315,-0.0223402149975
1479425758064036221,-0.0261799391359
1479425822875662578,-0.361632227898
1479425793170479486,0.370707935095
1479425826676396121,-0.232826918363
1479425788269615352,0.050963614136
1479425802572241146,0.4153883636
1479425733159680252,0.00523598771542
1479425779568244989,-0.0418879017234
1479425773016873229,-0.179419848323
1479425807072889219,0.461115986109
1479425816374540565,-0.0202458195388
1479425807722950361,0.485899657011
1479425769616316701,0.00174532923847
1479425815675234693,-0.0181514242664
1479425747912227113,-0.283790540695
1479425772816906541,-0.140324471891
1479425808623163706,0.417133688927
1479425775667329346,-0.107512283325
1479425738660624707,-0.0331612564623
1479425812673952070,0.209439516068
1479425771816638792,-0.0600393280387
1479425822825666891,-0.361632227898
1479425774117124428,-0.116937060654
1479425770416453965,0.00174532923847
1479425731509426512,0.00279252678156
1479425730459228500,-0.014660766162
1479425799271668056,0.436332303286
1479425780918278490,0.0443313628435
1479425813624101215,0.127758102119
1479425770116397409,0.00523598771542
1479425767715993958,-0.00663225110619
1479425737560500626,-0.0223402149975
1479425820275161454,-0.237713849544
1479425777367619952,-0.0890117913485
1479425792170219902,0.371406066418
1479425792470382975,0.444011765718
1479425736660253072,0.00733038280159
1479425741010999133,-0.239808243513
1479425741561141673,-0.257610595226
1479425765965699498,-0.0415388360619
1479425750512687536,0.00488692186773
1479425803572631988,0.428652864695
1479425805522631096,0.406661719084
1479425782524279226,0.0069813169539
1479425816575211965,-0.0230383466929
1479425777117649343,-0.0959931090474
1479425820525205952,-0.272271364927
1479425742611315137,-0.312413930893
1479425797723527623,0.460068786144
1479425791020063177,0.245044228435
1479425751912962508,0.00942477788776
1479425768416074199,-0.00488692186773
1479425799821580767,0.449945878983
1479425828376379131,-0.280299884081
1479425811323591156,0.449945878982
1479425750712744438,0.034906585142
1479425794771216809,0.461115980148
1479425743963888120,-0.312413930893
1479425800621790292,0.52185344696
1479425787969509890,0.0663225129247
1479425747262200324,-0.274714815617
1479425743361440265,-0.312064868212
1479425792420297229,0.444011765718
1479425766665714194,-0.0523598790169
1479425792870398486,0.418529957533
1479425817124671236,0.0202458193525
1479425769216219675,0.00174532923847
1479425762167134640,-0.0268780708313
1479425757663959587,-0.0223402149975
1479425738560674340,-0.0331612564623
1479425756913793577,-0.00453785602003
1479425804722412088,0.420624351501
1479425784219294267,-0.165806278587
1479425739360705088,-0.0702495025471
1479425772366797377,-0.0767944902182
1479425806522767943,0.471937030554
1479425751012817488,0.0715584978461
1479425809473288786,0.419228094816
1479425761814624855,-0.0275762021542
1479425774817253981,-0.140499003232
1479425745161722462,-0.259704995155
1479425822275533411,-0.266686308384
1479425794620668519,0.467050099373
1479425798321371753,0.419577157497
1479425798571473515,0.445495299995
1479425783068703342,-0.0499164164066
1479425745761860213,-0.262497520447
1479425770716478074,0.0338593881577
1479425794470689407,0.467050105333
1479425741511096964,-0.257610595226
1479425771966675591,-0.0610865257681
1479425747412122258,-0.280998009443
1479425770866481821,0.0715584978461
1479425827376096388,-0.226892799139
1479425732059519651,0.0638790532947
1479425764865481382,-0.0345575191081
1479425735560075946,-0.016057029739
1479425763215047341,-0.0209439508617
1479425810623491870,0.423765939474
1479425754263304886,-0.00069813169539
1479425753263119031,0.00942477788773
1479425776667531960,-0.106465086341
1479425801371892409,0.528834760189
1479425775317269180,-0.108559478819
1479425772216834754,-0.0760963559151
1479425828126464710,-0.291819047928
1479425774667242184,-0.146258586645
1479425772116744907,-0.0733038261533
1479425752213019340,-0.0069813169539
1479425776567556833,-0.113097333908
1479425812723989223,0.21502456665
1479425761264622312,-0.0443313628435
1479425825376150248,-0.241902634502
1479425776117439214,-0.109606677294
1479425796671077106,0.438775777817
1479425785669434103,-0.254119944572
1479425797821364988,0.462861311436
1479425766468344573,-0.0506145469844
1479425787775089412,0.0136135686189
1479425807823125261,0.48799405694
1479425756813949711,-0.00767944864929
1479425781673892629,-0.0181514244526
1479425769166199576,0.00174532923847
1479425800771926809,0.520108103752
1479425806272789287,0.464257580042
1479425786169211691,-0.172438532114
1479425775217302316,-0.124267445505
1479425825426127661,-0.256563401222
1479425782668622650,0.00558505356312
1479425820575398367,-0.272271364927
1479425753513212739,0.000698131695388
1479425734759993143,0.0
1479425799121550163,0.429001927376
1479425769566264148,0.00174532923847
1479425801671957344,0.486946862936
1479425731059333991,0.00349065847695
1479425742111153007,-0.311017674208
1479425796921121652,0.418180894852
1479425776467524469,-0.116238926351
1479425787519400822,-0.00279252678156
1479425791120087929,0.259704989195
1479425731959462780,0.0603883937001
1479425764915436415,-0.0349065847695
1479425746511911812,-0.312413930893
1479425824226106246,-0.212930169702
1479425801821944711,0.470191705227
1479425816324529040,-0.0202458195388
1479425736110095250,-0.00907571204004
1479425827079240601,-0.238761046529
1479425746861996957,-0.29461157918
1479425777267637154,-0.095644043386
1479425826126330788,-0.300545698404
1479425792720337832,0.423067814111
1479425825726233514,-0.318348056078
1479425812824005547,0.225147470832
1479425815274314677,0.0230383466929
1479425799171611578,0.429001927376
1479425770066369469,0.00279252678156
1479425735210048454,-0.0219911489636
1479425736212274123,-0.00418879017234
1479425748112232270,-0.280998021364
1479425777967832026,-0.0317649934441
1479425810673490907,0.423765939474
1479425777717705692,-0.0471238896251
1479425783768865757,-0.128456237912
1479425762864954336,-0.0104719754308
1479425779167968227,-0.0226892804727
1479425766515825640,-0.0516617462039
1479425808829733866,0.417133688927
1479425746211863536,-0.319395244122
1479425762664979452,-0.00767944864929
1479425762414935038,-0.019198622182
1479425777167653888,-0.0959931090474
1479425819575098378,-0.230732527375
1479425800871877643,0.523249721527
1479425748412341262,-0.273318558931
1479425792320230573,0.432841652632
1479425820025166872,-0.245044228435
1479425793720531993,0.451691204309
1479425737360440346,-0.018849556148
1479425735610129441,-0.0157079640776
1479425745711823907,-0.262497520447
1479425825076034598,-0.276809215546
1479425730009062444,-0.00977384373544
1479425814074113069,0.0488692186773
1479425753063111733,-0.00104719754309
1479425800227191305,0.52150439024
1479425814924303416,0.0436332300305
1479425759815015481,-0.0394444413483
1479425794120653885,0.535117959976
1479425771666578500,-0.0624827899039
1479425770666441797,0.00244346093386
1479425786469219398,-0.117286127806
1479425828276427851,-0.291120922565
1479425788619603022,0.00314159262925
1479425788471237715,0.0254818074405
1479425782218595415,0.00418879017234
1479425752362966107,-0.0115191729739
1479425780318125149,0.00628318525851
1479425765265579102,-0.0397935077548
1479425732709621605,-0.00383972432464
1479425782018595939,-0.0157079640776
1479425807873072233,0.48799405694
1479425819425152106,-0.196524074674
1479425821375618155,-0.285186803341
1479425793070455928,0.399331337214
1479425812524055677,0.243647965789
1479425803672452227,0.447851485014
1479425774167301259,-0.116937060654
1479425752413035667,-0.0272271368653
1479425764715453588,-0.0314159274101
1479425810273461444,0.423765939474
1479425804622945436,0.450294947624
1479425755913780381,-0.00418879017234
1479425767816035488,-0.0153588980436
1479425742011178147,-0.308923274279
1479425799621835940,0.424464076757
1479425750462659754,0.00139626339078
1479425755963669683,-0.00418879017234
1479425822675618334,-0.319744318724
1479425768766135481,-0.00349065847695
1479425806672862650,0.488692182302
1479425741811088576,-0.313810193539
1479425761464474819,-0.0380481779575
1479425776967621830,-0.0998328313232
1479425752613076167,-0.0272271368653
1479425777873157324,-0.038397243619
1479425823625878740,-0.233525052667
1479425752162991320,-0.00593411941081
1479425758764301530,-0.0485201530159
1479425763115064542,-0.0205948852003
1479425734159908066,0.000698131695388
1479425810123373800,0.422369688749
1479425793920597229,0.467748236656
1479425734209936626,0.0
1479425820475268347,-0.268431639671
1479425801721978109,0.470540767908
1479425738810653951,-0.0331612564623
1479425775967403267,-0.104719758034
1479425772566781189,-0.0767944902182
1479425772016745734,-0.0652753159404
1479425789719805196,0.0558505356312
1479425772266806552,-0.0760963559151
1479425736610258202,0.00733038280159
1479425744261700903,-0.316951793432
1479425827826367792,-0.342782664299
1479425818074914098,-0.0520108118653
1479425756113796407,-0.00523598771542
1479425773167066435,-0.189891824126
1479425732109663562,0.0593411952257
1479425737610436493,-0.0226892810315
1479425736260197726,-0.00418879017234
1479425801221832035,0.527089416981
1479425748462312805,-0.273318558931
1479425794320612712,0.491833782196
1479425816824610153,-0.0251327414065
1479425761014543591,-0.045378562063
1479425736810306934,0.0104719754308
1479425761865661818,-0.0275762021542
1479425808223133053,0.433190715313
1479425764965801347,-0.0349065847695
1479425784723193231,-0.201410993934
1479425777419279764,-0.0771435528994
1479425817024650646,-0.00663225129246
1479425793020411288,0.399331337214
1479425737060359590,0.0115191729739
1479425817424842847,-0.00523598771542
1479425776767630764,-0.104719758034
1479425818624939250,-0.102974426747
1479425792920370610,0.416784626246
1479425802872192439,0.316602724791
1479425745261788601,-0.259006863832
1479425796321025466,0.481710875034
1479425732809629119,0.00488692186773
1479425744311623104,-0.315904587507
1479425746311896520,-0.319395244122
1479425770816495054,0.0715584978461
1479425823475711442,-0.24888395071
1479425778467814870,-0.0212930172682
1479425745511914967,-0.244346097112
1479425760264396249,-0.0178023587912
1479425778417802716,-0.0212930172682
1479425742811307485,-0.312413930893
1479425747512145148,-0.28274333477
1479425749914287596,-0.0198967538774
1479425827526213103,-0.219213354587
1479425730259123700,-0.0157079640776
1479425809573379574,0.422369688749
1479425775623192068,-0.107512283325
1479425738110483974,-0.012566370517
1479425804222373386,0.491484713554
1479425767667251799,0.0118682391941
1479425758164024847,-0.0356047168374
1479425794426174995,0.467050105333
1479425748312292884,-0.276111090184
1479425771216641559,-0.0453785613179
1479425820775486724,-0.277507352829
1479425765065522716,-0.0366519130766
1479425740310969888,-0.123569314182
1479425755413577249,0.00872664619237
1479425767215849012,-0.0397935077548
1479425813374008893,0.223402142525
1479425731259342404,0.00174532923847
1479425732259593797,0.0495673507452
1479425819675221576,-0.241902637482
1479425804672450123,0.450294947624
1479425804922461777,0.447851490974
1479425743711436377,-0.300196629763
1479425753863151194,-0.00349065847695
1479425774267088475,-0.109955742955
1479425818524999777,-0.0872664630413
1479425758564130398,-0.0499164156616
1479425799223221856,0.436332303286
1479425750662680507,0.0143116997555
1479425808073047653,0.477871149778
1479425744861691497,-0.302291023731
1479425825926253159,-0.330216294527
1479425770966449773,0.0485201537609
1479425816724610671,-0.0212930168957
1479425788919635573,0.0328121904284
1479425763665043071,-0.0209439508617
1479425807472926656,0.476823955774
1479425731209387651,0.00174532923847
1479425825576214164,-0.271922290325
1479425751512931994,0.0781907528639
1479425771516886683,-0.0485201530159
1479425801071869596,0.523947858811
1479425792670367390,0.435285115242
1479425811673763781,0.471937030554
1479425782818561697,-0.00802851468324
1479425805172604870,0.427256596088
1479425753663323822,-0.00453785602003
1479425827326475952,-0.226892799139
1479425800071618226,0.468097299337
1479425784968967454,-0.231779724359
1479425804472442559,0.486597794294
1479425799021485767,0.406312644481
1479425761364475592,-0.0429350987077
1479425826026184404,-0.296705973148
1479425731809482020,0.0366519145667
1479425790670053084,0.248185819387
1479425804272433786,0.491484713554
1479425818124869344,-0.0404916390777
1479425762214878946,-0.0258308734744
1479425818674978535,-0.102974426747
1479425779818094317,-0.0380481779575
1479425796120952558,0.470191699266
1479425750912728820,0.0656243816018
1479425811073580791,0.424813139439
1479425757713940216,-0.0226892810315
1479425770166411003,0.00523598771542
1479425733759815638,0.00453785602003
1479425799071489800,0.406312644481
1479425811623845641,0.471937030554
1479425734259916561,0.0
1479425805572644626,0.406661719084
1479425770516463388,0.00174532923847
1479425797621186338,0.453785610199
1479425743911500423,-0.312413930893
1479425770766458669,0.0338593881577
1479425807523086134,0.467399168014
1479425826776466740,-0.23422318399
1479425794020581182,0.493579113483
1479425757163863871,-0.000349065847694
1479425759066955588,-0.0425860337913
1479425786619289413,-0.0820304751396
1479425791570119308,0.267035365105
1479425780518346573,0.0115191729739
1479425777067679570,-0.0959931090474
1479425806722875219,0.488692182302
1479425780568252246,0.0115191729739
1479425743411412823,-0.303687292337
1479425734960013154,0.0
1479425780268138341,0.0
1479425809823375211,0.425860345364
1479425732864237420,0.00488692186773
1479425761316642674,-0.0429350987077
1479425780418215798,0.00837758034468
1479425741911187326,-0.311715805531
1479425818724999039,-0.104719758034
1479425801321848707,0.528834760189
1479425738062987141,-0.00942477788774
1479425792970448775,0.416784626246
1479425787069448072,-0.0659734472633
1479425820375187337,-0.252025544643
1479425785173024653,-0.254469013214
1479425759264210840,-0.0607374593616
1479425806422769569,0.469493567944
1479425763815563171,-0.0146607659757
1479425823075655591,-0.315206468105
1479425778017746865,-0.0275762025267
1479425765615624121,-0.0328121904284
1479425745461813178,-0.240506374836
1479425782118490044,-0.0118682388216
1479425774467170240,-0.156381505728
1479425793320484803,0.356396239996
1479425812323852228,0.365471941233
1479425757013852102,-0.00349065847695
1479425754663419850,0.00453785602003
1479425797771239375,0.460068786144
1479425759314264018,-0.0628318563104
1479425746912026580,-0.280998009443
1479425807122866134,0.466002911329
1479425785424969696,-0.254818081856
1479425737163046892,0.00488692186773
1479425797921374195,0.444709897041
1479425766115631097,-0.0506145469844
1479425773216931838,-0.19582594037
